4,
5,
5,2
50,50
48,2227,45,1637,52,2368,809,1803,2068,
45,0,0,0,0,0,0,0,0,
50,2139,686,1974,54,101,52,452,594,
45,0,0,0,0,0,0,0,0,
48,519,429,1627,56,1015,54,1347,1901,
45,0,0,0,0,0,0,0,0,
48,249,376,2494,58,2498,56,819,1945,
45,0,0,0,0,0,0,0,0,
48,1541,1186,276,60,1358,58,1319,2405,
45,0,0,0,0,0,0,0,0,
48,919,1692,888,62,178,60,509,1943,
45,0,0,0,0,0,0,0,0,
48,2005,719,988,64,56,62,39,2021,
45,0,0,0,0,0,0,0,0,
48,1782,1652,317,66,833,64,1627,2237,
45,0,0,0,0,0,0,0,0,
48,2129,2323,668,68,788,66,1037,1515,
45,0,0,0,0,0,0,0,0,
48,1745,2423,2160,70,2335,68,2498,421,
45,0,0,0,0,0,0,0,0,
48,368,817,678,72,390,70,398,1264,
45,0,0,0,0,0,0,0,0,
48,2241,956,921,74,911,72,2468,105,
45,0,0,0,0,0,0,0,0,
48,1956,1341,284,76,2098,74,843,400,
45,0,0,0,0,0,0,0,0,
48,698,658,562,78,2345,76,1672,1076,
45,0,0,0,0,0,0,0,0,
48,1333,982,268,80,2149,78,792,588,
45,0,0,0,0,0,0,0,0,
48,801,1839,2347,82,217,80,984,1594,
45,0,0,0,0,0,0,0,0,
48,2311,2074,1268,84,325,82,272,1792,
45,0,0,0,0,0,0,0,0,
48,390,633,1015,86,2221,84,1813,54,
45,0,0,0,0,0,0,0,0,
48,90,554,2474,88,2086,86,1831,2139,
45,0,0,0,0,0,0,0,0,
48,13,2033,1301,90,876,88,1494,2100,
45,0,0,0,0,0,0,0,0,
48,2207,2496,139,92,1900,90,1762,966,
45,0,0,0,0,0,0,0,0,
48,1854,1217,823,94,1343,92,1747,1574,
45,0,0,0,0,0,0,0,0,
48,1201,700,1,96,1170,94,1698,380,
45,0,0,0,0,0,0,0,0,
51,2431,1162,1200,98,1801,96,1668,2364,
45,0,0,0,0,0,0,0,0,
48,76,1780,2368,100,1154,98,1645,1705,
45,0,0,0,0,0,0,0,0,
45,0,0,0,0,0,0,0,0,
49,1037,3,478,103,825,101,262,1,
45,0,0,0,0,0,0,0,0,
49,600,5,1794,105,35,103,1441,3,
45,0,0,0,0,0,0,0,0,
48,13,7,345,107,1707,105,156,5,
45,0,0,0,0,0,0,0,0,
48,1184,9,1598,109,2454,107,2472,7,
45,0,0,0,0,0,0,0,0,
48,72,11,1192,111,937,109,649,9,
45,0,0,0,0,0,0,0,0,
48,554,13,2496,113,1003,111,817,11,
45,0,0,0,0,0,0,0,0,
48,119,15,447,115,1766,113,1623,13,
45,0,0,0,0,0,0,0,0,
48,2376,17,1013,117,701,115,1696,15,
45,0,0,0,0,0,0,0,0,
48,1317,19,411,119,1986,117,2168,17,
45,0,0,0,0,0,0,0,0,
48,560,21,1554,121,684,119,1129,19,
45,0,0,0,0,0,0,0,0,
48,672,23,394,123,60,121,701,21,
45,0,0,0,0,0,0,0,0,
48,2370,25,1927,125,1884,123,888,23,
45,0,0,0,0,0,0,0,0,
48,49,27,2252,127,1525,125,801,25,
45,0,0,0,0,0,0,0,0,
48,2170,29,1807,129,2480,127,601,27,
45,0,0,0,0,0,0,0,0,
48,1288,31,523,131,1900,129,1386,29,
45,0,0,0,0,0,0,0,0,
48,1462,33,203,133,1068,131,1772,31,
45,0,0,0,0,0,0,0,0,
48,180,35,990,135,900,133,641,33,
45,0,0,0,0,0,0,0,0,
48,511,37,172,137,225,135,1625,35,
45,0,0,0,0,0,0,0,0,
48,868,39,2076,139,1970,137,2268,37,
45,0,0,0,0,0,0,0,0,
48,37,41,2366,141,721,139,1447,39,
45,0,0,0,0,0,0,0,0,
48,1382,43,1582,143,813,141,2488,41,
45,0,0,0,0,0,0,0,0,
48,2005,45,156,145,1017,143,254,43,
45,0,0,0,0,0,0,0,0,
52,1439,47,1280,147,349,145,2025,45,
45,0,0,0,0,0,0,0,0,
52,1570,49,1841,149,992,147,345,47,
45,0,0,0,0,0,0,0,0,
48,839,1247,2368,298,2443,149,2100,49,
48,1158,52,3,152,662,1713,841,1131,
45,0,0,0,0,0,0,842,0,
50,831,54,786,154,229,152,1109,52,
45,0,0,0,0,0,0,0,0,
48,758,56,23,156,1968,154,919,54,
45,0,0,0,0,0,0,0,0,
48,278,58,2229,158,713,156,839,56,
45,0,0,0,0,0,0,0,0,
48,964,60,521,160,654,158,2188,58,
45,0,0,0,0,0,0,0,0,
48,1466,62,821,162,943,160,319,60,
45,0,0,0,0,0,0,0,0,
48,613,64,2003,164,1109,162,749,62,
45,0,0,0,0,0,0,0,0,
48,1494,66,2429,166,964,164,1376,64,
45,0,0,0,0,0,0,0,0,
48,1700,68,1511,168,1394,166,1272,66,
45,0,0,0,0,0,0,0,0,
48,64,70,449,170,921,168,466,68,
45,0,0,0,0,0,0,0,0,
48,1903,72,1456,172,1215,170,1935,70,
45,0,0,0,0,0,0,0,0,
48,400,74,731,174,131,172,1700,72,
45,0,0,0,0,0,0,0,0,
48,2470,76,1298,176,958,174,507,74,
45,0,0,0,0,0,0,0,0,
48,1668,78,1711,178,2084,176,529,76,
45,0,0,0,0,0,0,0,0,
48,2303,80,2300,180,2349,178,1784,78,
45,0,0,0,0,0,0,0,0,
48,1894,82,123,182,2315,180,2400,80,
45,0,0,0,0,0,0,0,0,
48,1562,84,1482,184,2488,182,656,82,
45,0,0,0,0,0,0,0,0,
48,484,86,968,186,1507,184,2492,84,
45,0,0,0,0,0,0,0,0,
48,1727,88,284,188,1694,186,2370,86,
45,0,0,0,0,0,0,0,0,
48,41,90,647,190,760,188,1782,88,
45,0,0,0,0,0,0,0,0,
48,672,92,882,192,243,190,252,90,
45,0,0,0,0,0,0,0,0,
48,1501,94,2484,194,2313,192,1972,92,
45,0,0,0,0,0,0,0,0,
48,2301,96,1474,196,1096,194,317,94,
45,0,0,0,0,0,0,0,0,
51,1990,98,462,198,1666,196,474,96,
45,0,0,0,0,0,0,0,0,
48,843,100,1709,200,1901,198,890,98,
45,0,0,0,0,0,0,0,0,
45,0,0,0,0,0,0,0,0,
48,1435,103,1656,203,692,201,300,101,
45,0,0,0,0,0,0,0,0,
48,1631,105,1278,205,1756,203,1137,103,
45,0,0,0,0,0,0,0,0,
48,56,107,94,207,2235,205,978,105,
45,0,0,0,0,0,0,0,0,
48,2423,109,1694,209,1411,207,588,107,
45,0,0,0,0,0,0,0,0,
48,866,111,2494,211,1943,209,1462,109,
45,0,0,0,0,0,0,0,0,
48,1666,113,1554,213,1843,211,694,111,
45,0,0,0,0,0,0,0,0,
48,1756,115,584,215,2107,213,592,113,
45,0,0,0,0,0,0,0,0,
48,2223,117,1160,217,756,215,613,115,
45,0,0,0,0,0,0,0,0,
48,315,119,1943,219,1623,217,315,117,
45,0,0,0,0,0,0,0,0,
48,552,121,423,221,2254,219,221,119,
45,0,0,0,0,0,0,0,0,
48,2480,123,1141,223,2156,221,86,121,
45,0,0,0,0,0,0,0,0,
48,247,125,2262,225,339,223,1609,123,
45,0,0,0,0,0,0,0,0,
48,1658,127,229,227,1470,225,1478,125,
45,0,0,0,0,0,0,0,0,
48,11,129,417,229,188,227,952,127,
45,0,0,0,0,0,0,0,0,
48,2437,131,1580,231,2339,229,84,129,
45,0,0,0,0,0,0,0,0,
48,790,133,1196,233,1974,231,2358,131,
45,0,0,0,0,0,0,0,0,
48,835,135,2486,235,1000,233,2449,133,
45,0,0,0,0,0,0,0,0,
48,313,137,827,237,976,235,1456,135,
45,0,0,0,0,0,0,0,0,
48,898,139,774,239,178,237,1594,137,
45,0,0,0,0,0,0,0,0,
48,2096,141,1445,241,1045,239,996,139,
45,0,0,0,0,0,0,0,0,
48,2445,143,1000,243,500,241,1209,141,
45,0,0,0,0,0,0,0,0,
48,2264,145,747,245,817,243,2094,143,
45,0,0,0,0,0,0,0,0,
48,527,147,1245,247,1882,245,1529,145,
45,0,0,0,0,0,0,0,0,
48,1805,149,433,249,2405,247,1937,147,
45,0,0,0,0,0,0,0,0,
48,1031,1764,2200,2213,539,249,2476,149,
48,2205,152,460,252,1184,825,688,990,
45,0,0,0,0,0,0,0,0,
48,2464,154,400,254,82,252,1700,152,
45,0,0,0,0,0,0,0,0,
48,1096,156,625,256,1200,254,2207,154,
45,0,0,0,0,0,0,0,0,
48,386,158,1201,258,2452,256,1317,156,
45,0,0,0,0,0,0,0,0,
48,1337,160,2239,260,896,258,807,158,
45,0,0,0,0,0,0,0,0,
48,1011,162,1892,262,1780,260,1303,160,
45,0,0,0,0,0,0,0,0,
48,1609,164,2500,264,1917,262,723,162,
45,0,0,0,0,0,0,0,0,
48,603,166,2315,266,1347,264,605,164,
45,0,0,0,0,0,0,0,0,
48,907,168,2162,268,1333,266,31,166,
45,0,0,0,0,0,0,0,0,
48,1778,170,864,270,1601,268,488,168,
45,0,0,0,0,0,0,0,0,
48,2484,172,1243,272,170,270,572,170,
45,0,0,0,0,0,0,0,0,
48,1800,174,2396,274,362,272,247,172,
45,0,0,0,0,0,0,0,0,
48,1652,176,86,276,1590,274,694,174,
45,0,0,0,0,0,0,0,0,
48,288,178,276,278,996,276,2080,176,
45,0,0,0,0,0,0,0,0,
48,103,180,1256,280,176,278,1466,178,
45,0,0,0,0,0,0,0,0,
48,605,182,519,282,1205,280,1501,180,
45,0,0,0,0,0,0,0,0,
48,878,184,1531,284,2115,282,1162,182,
45,0,0,0,0,0,0,0,0,
48,1933,186,1862,286,2066,284,888,184,
45,0,0,0,0,0,0,0,0,
48,1782,188,1505,288,264,286,354,186,
45,0,0,0,0,0,0,0,0,
48,1019,190,296,290,1303,288,2225,188,
45,0,0,0,0,0,0,0,0,
48,1060,192,666,292,480,290,1286,190,
45,0,0,0,0,0,0,0,0,
48,2252,194,811,294,141,292,2060,192,
45,0,0,0,0,0,0,0,0,
48,2001,196,1590,296,762,294,2300,194,
45,0,0,0,0,0,0,0,0,
48,174,198,1982,298,1511,296,223,196,
45,0,0,0,0,0,0,0,0,
48,1100,200,7,300,2325,298,762,198,
45,0,0,0,0,0,0,0,0,
45,0,0,0,0,0,0,0,0,
48,141,203,619,303,1870,301,813,201,
45,0,0,0,0,0,0,0,0,
48,94,205,2294,305,964,303,1647,203,
45,0,0,0,0,0,0,0,0,
48,1415,207,1166,307,641,305,1739,205,
45,0,0,0,0,0,0,0,0,
48,1686,209,2472,309,2068,307,1545,207,
45,0,0,0,0,0,0,0,0,
48,2378,211,1554,311,727,309,390,209,
45,0,0,0,0,0,0,0,0,
48,827,213,1394,313,1337,311,52,211,
45,0,0,0,0,0,0,0,0,
48,2035,215,1025,315,523,313,237,213,
45,0,0,0,0,0,0,0,0,
48,574,217,580,317,1533,315,656,215,
45,0,0,0,0,0,0,0,0,
48,29,219,974,319,1454,317,1045,217,
45,0,0,0,0,0,0,0,0,
48,364,221,2025,321,2013,319,1784,219,
45,0,0,0,0,0,0,0,0,
48,33,223,1225,323,2035,321,1133,221,
45,0,0,0,0,0,0,0,0,
48,1403,225,335,325,601,323,833,223,
45,0,0,0,0,0,0,0,0,
48,1111,227,2470,327,9,325,227,225,
45,0,0,0,0,0,0,0,0,
48,596,229,2396,329,2278,327,107,227,
45,0,0,0,0,0,0,0,0,
48,719,231,1027,331,2066,329,1115,229,
45,0,0,0,0,0,0,0,0,
48,2149,233,2023,333,2319,331,786,231,
45,0,0,0,0,0,0,0,0,
48,137,235,674,335,2335,333,25,233,
45,0,0,0,0,0,0,0,0,
48,2139,237,1405,337,682,335,1729,235,
45,0,0,0,0,0,0,0,0,
48,1637,239,2390,339,2486,337,227,237,
45,0,0,0,0,0,0,0,0,
48,1994,241,2000,341,2462,339,737,239,
45,0,0,0,0,0,0,0,0,
48,1237,243,1241,343,721,341,1766,241,
45,0,0,0,0,0,0,0,0,
48,901,245,711,345,2272,343,2052,243,
45,0,0,0,0,0,0,0,0,
48,394,247,2311,347,239,345,660,245,
45,0,0,0,0,0,0,0,0,
48,100,249,631,349,1558,347,1523,247,
45,0,0,0,0,0,0,0,0,
48,790,1611,152,872,778,349,498,249,
48,1862,252,998,352,2043,2352,1274,1970,
45,0,0,0,0,0,0,0,0,
48,1921,254,1529,354,2152,352,847,252,
45,0,0,0,0,0,0,0,0,
48,564,256,1258,356,511,354,1047,254,
45,0,0,0,0,0,0,0,0,
48,866,258,2274,358,1937,356,1327,256,
45,0,0,0,0,0,0,0,0,
48,700,260,1905,360,1823,358,652,258,
45,0,0,0,0,0,0,0,0,
48,1760,262,743,362,843,360,2180,260,
45,0,0,0,0,0,0,0,0,
48,186,264,1790,364,947,362,2135,262,
45,0,0,0,0,0,0,0,0,
48,168,266,1007,366,168,364,2056,264,
45,0,0,0,0,0,0,0,0,
48,15,268,145,368,1603,366,1513,266,
45,0,0,0,0,0,0,0,0,
48,1192,270,1933,370,1458,368,111,268,
45,0,0,0,0,0,0,0,0,
48,547,272,2084,372,431,370,1701,270,
45,0,0,0,0,0,0,0,0,
48,535,274,972,374,2266,372,1207,272,
45,0,0,0,0,0,0,0,0,
48,33,276,449,376,2000,374,925,274,
45,0,0,0,0,0,0,0,0,
48,660,278,778,378,468,376,1378,276,
45,0,0,0,0,0,0,0,0,
48,2280,280,2278,380,2223,378,370,278,
45,0,0,0,0,0,0,0,0,
48,652,282,1801,382,1088,380,1211,280,
45,0,0,0,0,0,0,0,0,
48,600,284,482,384,562,382,1754,282,
45,0,0,0,0,0,0,0,0,
48,274,286,1509,386,829,384,458,284,
45,0,0,0,0,0,0,0,0,
48,415,288,625,388,1786,386,1886,286,
45,0,0,0,0,0,0,0,0,
48,1196,290,174,390,1166,388,711,288,
45,0,0,0,0,0,0,0,0,
48,1239,292,1352,392,680,390,2462,290,
45,0,0,0,0,0,0,0,0,
48,770,294,1425,394,1305,392,509,292,
45,0,0,0,0,0,0,0,0,
48,478,296,98,396,56,394,2243,294,
45,0,0,0,0,0,0,0,0,
48,541,298,1521,398,2117,396,964,296,
45,0,0,0,0,0,0,0,0,
48,737,300,96,400,513,398,1547,298,
45,0,0,0,0,0,0,0,0,
45,0,0,0,0,0,0,0,0,
48,1743,303,2233,403,1960,401,2123,301,
45,0,0,0,0,0,0,0,0,
48,1760,305,237,405,505,403,1417,303,
45,0,0,0,0,0,0,0,0,
48,1984,307,1194,407,486,405,1962,305,
45,0,0,0,0,0,0,0,0,
48,811,309,809,409,1049,407,2400,307,
45,0,0,0,0,0,0,0,0,
48,1817,311,1503,411,754,409,703,309,
45,0,0,0,0,0,0,0,0,
48,223,313,2133,413,1821,411,1674,311,
45,0,0,0,0,0,0,0,0,
48,1301,315,270,415,776,413,745,313,
45,0,0,0,0,0,0,0,0,
48,1292,317,1837,417,1335,415,707,315,
45,0,0,0,0,0,0,0,0,
48,21,319,1531,419,601,417,1047,317,
45,0,0,0,0,0,0,0,0,
48,1276,321,2109,421,329,419,1811,319,
45,0,0,0,0,0,0,0,0,
48,778,323,690,423,433,421,676,321,
45,0,0,0,0,0,0,0,0,
48,2500,325,2327,425,1121,423,1433,323,
45,0,0,0,0,0,0,0,0,
48,1647,327,7,427,600,425,2429,325,
45,0,0,0,0,0,0,0,0,
48,2215,329,568,429,1352,427,2331,327,
45,0,0,0,0,0,0,0,0,
48,2329,331,1958,431,474,429,45,329,
45,0,0,0,0,0,0,0,0,
48,1298,333,1486,433,870,431,2337,331,
45,0,0,0,0,0,0,0,0,
48,637,335,1576,435,1594,433,2241,333,
45,0,0,0,0,0,0,0,0,
48,556,337,1752,437,207,435,837,335,
45,0,0,0,0,0,0,0,0,
48,1449,339,2129,439,1629,437,741,337,
45,0,0,0,0,0,0,0,0,
48,21,341,35,441,260,439,1398,339,
45,0,0,0,0,0,0,0,0,
48,2178,343,2003,443,2043,441,2137,341,
45,0,0,0,0,0,0,0,0,
48,296,345,2096,445,72,443,1268,343,
45,0,0,0,0,0,0,0,0,
48,1805,347,447,447,1070,445,1507,345,
45,0,0,0,0,0,0,0,0,
48,21,349,2029,449,2474,447,454,347,
45,0,0,0,0,0,0,0,0,
48,123,1249,203,1680,25,449,782,349,
48,2374,352,2166,452,437,1221,854,870,
45,0,0,0,0,0,0,0,0,
48,745,354,1709,454,1731,452,1000,352,
45,0,0,0,0,0,0,0,0,
48,690,356,482,456,1188,454,2325,354,
45,0,0,0,0,0,0,0,0,
48,831,358,1672,458,1027,456,1072,356,
45,0,0,0,0,0,0,0,0,
48,1156,360,913,460,2298,458,1154,358,
45,0,0,0,0,0,0,0,0,
48,1588,362,1790,462,1698,460,68,360,
45,0,0,0,0,0,0,0,0,
48,1339,364,1103,464,994,462,2084,362,
45,0,0,0,0,0,0,0,0,
48,1670,366,2160,466,1278,464,337,364,
45,0,0,0,0,0,0,0,0,
48,729,368,1323,468,2484,466,178,366,
45,0,0,0,0,0,0,0,0,
48,454,370,1741,470,2052,468,1345,368,
45,0,0,0,0,0,0,0,0,
48,19,372,1327,472,1498,470,1737,370,
45,0,0,0,0,0,0,0,0,
48,919,374,480,474,170,472,537,372,
45,0,0,0,0,0,0,0,0,
48,2305,376,2252,476,635,474,2360,374,
45,0,0,0,0,0,0,0,0,
48,1845,378,1678,478,1382,476,1927,376,
45,0,0,0,0,0,0,0,0,
48,519,380,5,480,1229,478,1205,378,
45,0,0,0,0,0,0,0,0,
48,674,382,545,482,321,480,443,380,
45,0,0,0,0,0,0,0,0,
48,198,384,1719,484,1915,482,372,382,
45,0,0,0,0,0,0,0,0,
48,1074,386,903,486,1164,484,825,384,
45,0,0,0,0,0,0,0,0,
48,1572,388,401,488,1743,486,1270,386,
45,0,0,0,0,0,0,0,0,
48,2043,390,1854,490,1994,488,998,388,
45,0,0,0,0,0,0,0,0,
48,1925,392,1801,492,2349,490,1064,390,
45,0,0,0,0,0,0,0,0,
48,1407,394,647,494,1558,492,431,392,
45,0,0,0,0,0,0,0,0,
48,705,396,2415,496,2086,494,801,394,
45,0,0,0,0,0,0,0,0,
48,64,398,2015,498,396,496,788,396,
45,0,0,0,0,0,0,0,0,
48,1878,400,325,500,2327,498,119,398,
45,0,0,0,0,0,0,0,0,
45,0,0,0,0,0,0,0,0,
48,1519,403,1282,503,1890,501,3,401,
45,0,0,0,0,0,0,0,0,
48,529,405,1084,505,419,503,398,403,
45,0,0,0,0,0,0,0,0,
48,725,407,1939,507,2429,505,1025,405,
45,0,0,0,0,0,0,0,0,
48,335,409,1827,509,1100,507,1149,407,
45,0,0,0,0,0,0,0,0,
48,201,411,847,511,845,509,2466,409,
45,0,0,0,0,0,0,0,0,
48,147,413,1288,513,1368,511,1101,411,
45,0,0,0,0,0,0,0,0,
48,490,415,468,515,2411,513,1815,413,
45,0,0,0,0,0,0,0,0,
48,1082,417,1823,517,119,515,1800,415,
45,0,0,0,0,0,0,0,0,
48,1192,419,327,519,2221,517,464,417,
45,0,0,0,0,0,0,0,0,
48,1070,421,633,521,860,519,2129,419,
45,0,0,0,0,0,0,0,0,
48,603,423,839,523,2086,521,919,421,
45,0,0,0,0,0,0,0,0,
48,2203,425,147,525,1586,523,380,423,
45,0,0,0,0,0,0,0,0,
48,1266,427,1556,527,2072,525,639,425,
45,0,0,0,0,0,0,0,0,
48,345,429,2209,529,2458,527,52,427,
45,0,0,0,0,0,0,0,0,
48,241,431,423,531,2080,529,1252,429,
45,0,0,0,0,0,0,0,0,
48,874,433,333,533,1921,531,405,431,
45,0,0,0,0,0,0,0,0,
48,1517,435,135,535,2482,533,927,433,
45,0,0,0,0,0,0,0,0,
48,1272,437,1196,537,1441,535,356,435,
45,0,0,0,0,0,0,0,0,
48,776,439,880,539,219,537,1552,437,
45,0,0,0,0,0,0,0,0,
48,1515,441,464,541,1923,539,1974,439,
45,0,0,0,0,0,0,0,0,
48,1680,443,2190,543,709,541,1898,441,
45,0,0,0,0,0,0,0,0,
48,1833,445,1123,545,892,543,2047,443,
45,0,0,0,0,0,0,0,0,
48,1294,447,713,547,807,545,2456,445,
45,0,0,0,0,0,0,0,0,
48,1796,449,300,549,562,547,939,447,
45,0,0,0,0,0,0,0,0,
48,1576,2152,192,1252,672,549,1060,449,
48,2472,452,1607,552,1915,1007,664,1374,
45,0,0,0,0,0,0,0,0,
48,517,454,723,554,2300,552,590,452,
45,0,0,0,0,0,0,0,0,
48,933,456,2460,556,354,554,1890,454,
45,0,0,0,0,0,0,0,0,
48,515,458,1984,558,1323,556,125,456,
45,0,0,0,0,0,0,0,0,
48,343,460,1390,560,2011,558,11,458,
45,0,0,0,0,0,0,0,0,
48,86,462,1190,562,305,560,1431,460,
45,0,0,0,0,0,0,0,0,
48,733,464,931,564,349,562,2045,462,
45,0,0,0,0,0,0,0,0,
48,801,466,2082,566,1701,564,507,464,
45,0,0,0,0,0,0,0,0,
48,2247,468,2327,568,503,566,1347,466,
45,0,0,0,0,0,0,0,0,
48,5,470,1800,570,231,568,429,468,
45,0,0,0,0,0,0,0,0,
48,2323,472,2076,572,109,570,1909,470,
45,0,0,0,0,0,0,0,0,
48,2396,474,264,574,80,572,2307,472,
45,0,0,0,0,0,0,0,0,
48,1858,476,700,576,1925,574,1152,474,
45,0,0,0,0,0,0,0,0,
48,2192,478,1400,578,643,576,196,476,
45,0,0,0,0,0,0,0,0,
48,127,480,2476,580,454,578,2049,478,
45,0,0,0,0,0,0,0,0,
48,1174,482,2037,582,1552,580,2376,480,
45,0,0,0,0,0,0,0,0,
48,1390,484,2398,584,1896,582,1492,482,
45,0,0,0,0,0,0,0,0,
48,323,486,1219,586,1009,584,1625,484,
45,0,0,0,0,0,0,0,0,
48,1490,488,2217,588,423,586,1611,486,
45,0,0,0,0,0,0,0,0,
48,678,490,1721,590,200,588,1705,488,
45,0,0,0,0,0,0,0,0,
48,1319,492,347,592,1909,590,1541,490,
45,0,0,0,0,0,0,0,0,
48,764,494,1896,594,996,592,1764,492,
45,0,0,0,0,0,0,0,0,
48,2156,496,1584,596,431,594,1994,494,
45,0,0,0,0,0,0,0,0,
48,1598,498,321,598,1884,596,1488,496,
45,0,0,0,0,0,0,0,0,
48,752,500,1039,600,721,598,582,498,
45,0,0,0,0,0,0,0,0,
45,0,0,0,0,0,0,0,0,
48,1568,503,170,603,2472,601,1096,501,
45,0,0,0,0,0,0,0,0,
48,37,505,62,605,1796,603,2386,503,
45,0,0,0,0,0,0,0,0,
48,803,507,386,607,1147,605,1180,505,
45,0,0,0,0,0,0,0,0,
48,1964,509,900,609,1898,607,619,507,
45,0,0,0,0,0,0,0,0,
48,2231,511,70,611,1103,609,2231,509,
45,0,0,0,0,0,0,0,0,
48,27,513,498,613,333,611,1227,511,
45,0,0,0,0,0,0,0,0,
48,1615,515,2364,615,305,613,2264,513,
45,0,0,0,0,0,0,0,0,
48,1672,517,1947,617,684,615,2409,515,
45,0,0,0,0,0,0,0,0,
48,2313,519,623,619,2362,617,378,517,
45,0,0,0,0,0,0,0,0,
48,2111,521,1743,621,1131,619,1980,519,
45,0,0,0,0,0,0,0,0,
48,898,523,221,623,2249,621,1447,521,
45,0,0,0,0,0,0,0,0,
48,2243,525,945,625,819,623,266,523,
45,0,0,0,0,0,0,0,0,
48,2347,527,643,627,1490,625,2284,525,
45,0,0,0,0,0,0,0,0,
48,2027,529,1766,629,1027,627,2431,527,
45,0,0,0,0,0,0,0,0,
48,266,531,2352,631,1100,629,2303,529,
45,0,0,0,0,0,0,0,0,
48,880,533,549,633,1670,631,735,531,
45,0,0,0,0,0,0,0,0,
48,619,535,931,635,1370,633,164,533,
45,0,0,0,0,0,0,0,0,
48,2254,537,2215,637,1080,635,2317,535,
45,0,0,0,0,0,0,0,0,
48,158,539,937,639,1335,637,29,537,
45,0,0,0,0,0,0,0,0,
48,1923,541,503,641,1586,639,1147,539,
45,0,0,0,0,0,0,0,0,
48,164,543,1727,643,2266,641,1060,541,
45,0,0,0,0,0,0,0,0,
48,1709,545,1949,645,3,643,735,543,
45,0,0,0,0,0,0,0,0,
48,1843,547,2154,647,1647,645,278,545,
45,0,0,0,0,0,0,0,0,
48,1435,549,1498,649,1882,647,860,547,
45,0,0,0,0,0,0,0,0,
48,376,1031,1870,54,333,649,1482,549,
48,274,552,1111,652,1368,78,2331,368,
45,0,0,0,0,0,0,0,0,
48,472,554,2354,654,215,652,2205,552,
45,0,0,0,0,0,0,0,0,
48,215,556,1654,656,886,654,231,554,
45,0,0,0,0,0,0,0,0,
48,1933,558,1456,658,647,656,868,556,
45,0,0,0,0,0,0,0,0,
48,1380,560,1560,660,1760,658,1976,558,
45,0,0,0,0,0,0,0,0,
48,696,562,1049,662,2494,660,2394,560,
45,0,0,0,0,0,0,0,0,
48,166,564,113,664,2001,662,1176,562,
45,0,0,0,0,0,0,0,0,
48,2113,566,882,666,1790,664,1401,564,
45,0,0,0,0,0,0,0,0,
48,2013,568,1511,668,2307,666,2405,566,
45,0,0,0,0,0,0,0,0,
48,584,570,558,670,252,668,2198,568,
45,0,0,0,0,0,0,0,0,
48,733,572,962,672,2309,670,2278,570,
45,0,0,0,0,0,0,0,0,
48,2394,574,1462,674,568,672,1360,572,
45,0,0,0,0,0,0,0,0,
48,1080,576,205,676,337,674,2186,574,
45,0,0,0,0,0,0,0,0,
48,1231,578,2147,678,894,676,700,576,
45,0,0,0,0,0,0,0,0,
48,1739,580,1301,680,1952,678,1315,578,
45,0,0,0,0,0,0,0,0,
48,1249,582,2280,682,1233,680,298,580,
45,0,0,0,0,0,0,0,0,
48,1688,584,1405,684,470,682,35,582,
45,0,0,0,0,0,0,0,0,
48,1247,586,1198,686,425,684,1117,584,
45,0,0,0,0,0,0,0,0,
48,2333,588,2196,688,1337,686,384,586,
45,0,0,0,0,0,0,0,0,
48,2464,590,476,690,772,688,1696,588,
45,0,0,0,0,0,0,0,0,
48,84,592,2419,692,256,690,2345,590,
45,0,0,0,0,0,0,0,0,
48,1068,594,805,694,527,692,576,592,
45,0,0,0,0,0,0,0,0,
48,2182,596,703,696,1878,694,982,594,
45,0,0,0,0,0,0,0,0,
48,2419,598,139,698,443,696,607,596,
45,0,0,0,0,0,0,0,0,
48,1839,600,60,700,1133,698,2031,598,
45,0,0,0,0,0,0,0,0,
45,0,0,0,0,0,0,0,0,
48,309,603,1629,703,2472,701,331,601,
45,0,0,0,0,0,0,0,0,
48,994,605,2439,705,109,703,1154,603,
45,0,0,0,0,0,0,0,0,
48,133,607,2494,707,266,705,829,605,
45,0,0,0,0,0,0,0,0,
48,27,609,2072,709,1066,707,705,607,
45,0,0,0,0,0,0,0,0,
48,327,611,1588,711,296,709,1168,609,
45,0,0,0,0,0,0,0,0,
48,2484,613,882,713,101,711,1878,611,
45,0,0,0,0,0,0,0,0,
48,2172,615,1500,715,1664,713,501,613,
45,0,0,0,0,0,0,0,0,
48,2441,617,241,717,1017,715,1982,615,
45,0,0,0,0,0,0,0,0,
48,1709,619,1129,719,17,717,2294,617,
45,0,0,0,0,0,0,0,0,
48,1221,621,1188,721,1788,719,1337,619,
45,0,0,0,0,0,0,0,0,
48,72,623,500,723,141,721,2260,621,
45,0,0,0,0,0,0,0,0,
48,1821,625,431,725,284,723,1378,623,
45,0,0,0,0,0,0,0,0,
48,372,627,1458,727,1701,725,1729,625,
45,0,0,0,0,0,0,0,0,
48,21,629,539,729,1268,727,2011,627,
45,0,0,0,0,0,0,0,0,
48,1001,631,1270,731,1888,729,341,629,
45,0,0,0,0,0,0,0,0,
48,1629,633,1813,733,2009,731,286,631,
45,0,0,0,0,0,0,0,0,
48,70,635,2300,735,1127,733,566,633,
45,0,0,0,0,0,0,0,0,
48,1547,637,2301,737,1782,735,3,635,
45,0,0,0,0,0,0,0,0,
48,978,639,201,739,1227,737,2125,637,
45,0,0,0,0,0,0,0,0,
48,405,641,372,741,1815,739,1823,639,
45,0,0,0,0,0,0,0,0,
48,1001,643,1970,743,1035,741,152,641,
45,0,0,0,0,0,0,0,0,
48,225,645,1835,745,162,743,1064,643,
45,0,0,0,0,0,0,0,0,
48,611,647,2084,747,752,745,1452,645,
45,0,0,0,0,0,0,0,0,
48,2266,649,1535,749,1547,747,27,647,
45,0,0,0,0,0,0,0,0,
48,2041,309,627,45,525,749,809,649,
48,1270,652,66,752,72,2284,2474,2496,
45,0,0,0,0,0,0,0,0,
48,1007,654,645,754,2384,752,360,652,
45,0,0,0,0,0,0,0,0,
48,445,656,658,756,1796,754,809,654,
45,0,0,0,0,0,0,0,0,
48,366,658,1411,758,1856,756,749,656,
45,0,0,0,0,0,0,0,0,
48,492,660,1372,760,1841,758,1603,658,
45,0,0,0,0,0,0,0,0,
48,1301,662,2137,762,294,760,339,660,
45,0,0,0,0,0,0,0,0,
48,107,664,496,764,1643,762,1107,662,
45,0,0,0,0,0,0,0,0,
48,1047,666,2164,766,1719,764,1143,664,
45,0,0,0,0,0,0,0,0,
48,2092,668,2300,768,1874,766,756,666,
45,0,0,0,0,0,0,0,0,
48,13,670,1029,770,280,768,1660,668,
45,0,0,0,0,0,0,0,0,
48,292,672,90,772,549,770,1464,670,
45,0,0,0,0,0,0,0,0,
48,503,674,1384,774,213,772,2152,672,
45,0,0,0,0,0,0,0,0,
48,456,676,2133,776,2419,774,2335,674,
45,0,0,0,0,0,0,0,0,
48,2433,678,260,778,1986,776,2201,676,
45,0,0,0,0,0,0,0,0,
48,1601,680,1201,780,417,778,1000,678,
45,0,0,0,0,0,0,0,0,
48,1858,682,1256,782,123,780,1688,680,
45,0,0,0,0,0,0,0,0,
48,513,684,621,784,1427,782,903,682,
45,0,0,0,0,0,0,0,0,
48,582,686,1847,786,594,784,1288,684,
45,0,0,0,0,0,0,0,0,
48,349,688,1952,788,290,786,1809,686,
45,0,0,0,0,0,0,0,0,
48,990,690,2047,790,2178,788,1745,688,
45,0,0,0,0,0,0,0,0,
48,821,692,388,792,1103,790,1907,690,
45,0,0,0,0,0,0,0,0,
48,311,694,1321,794,1333,792,1360,692,
45,0,0,0,0,0,0,0,0,
48,364,696,2249,796,2078,794,403,694,
45,0,0,0,0,0,0,0,0,
48,949,698,884,798,1190,796,194,696,
45,0,0,0,0,0,0,0,0,
48,2237,700,113,800,707,798,2101,698,
45,0,0,0,0,0,0,0,0,
45,0,0,0,0,0,0,0,0,
48,696,703,1776,803,909,801,549,701,
45,0,0,0,0,0,0,0,0,
48,360,705,1186,805,1872,803,813,703,
45,0,0,0,0,0,0,0,0,
48,1288,707,166,807,2258,805,717,705,
45,0,0,0,0,0,0,0,0,
48,105,709,1152,809,2470,807,1525,707,
45,0,0,0,0,0,0,0,0,
48,2401,711,849,811,139,809,794,709,
45,0,0,0,0,0,0,0,0,
48,245,713,249,813,2482,811,1411,711,
45,0,0,0,0,0,0,0,0,
48,1617,715,543,815,1517,813,2282,713,
45,0,0,0,0,0,0,0,0,
48,923,717,1460,817,1717,815,2482,715,
45,0,0,0,0,0,0,0,0,
48,2396,719,1686,819,905,817,2486,717,
45,0,0,0,0,0,0,0,0,
48,1056,721,343,821,2490,819,1905,719,
45,0,0,0,0,0,0,0,0,
48,1576,723,639,823,2054,821,1090,721,
45,0,0,0,0,0,0,0,0,
48,1688,725,188,825,1458,823,2033,723,
45,0,0,0,0,0,0,0,0,
48,364,727,1674,827,488,825,1400,725,
45,0,0,0,0,0,0,0,0,
48,372,729,892,829,327,827,300,727,
45,0,0,0,0,0,0,0,0,
48,2227,731,2419,831,1062,829,945,729,
45,0,0,0,0,0,0,0,0,
48,956,733,400,833,917,831,1980,731,
45,0,0,0,0,0,0,0,0,
48,1401,735,2313,835,1062,833,1598,733,
45,0,0,0,0,0,0,0,0,
48,1743,737,2488,837,282,835,103,735,
45,0,0,0,0,0,0,0,0,
48,2201,739,17,839,958,837,447,737,
45,0,0,0,0,0,0,0,0,
48,2239,741,182,841,2047,839,300,739,
45,0,0,0,0,0,0,0,0,
48,2388,743,2090,843,29,841,1282,741,
45,0,0,0,0,0,0,0,0,
48,760,745,2098,845,982,843,1619,743,
45,0,0,0,0,0,0,0,0,
48,821,747,2201,847,2164,845,1505,745,
45,0,0,0,0,0,0,0,0,
48,1825,749,1968,849,1207,847,1907,747,
45,0,0,0,0,0,0,0,0,
48,1874,852,1635,1931,1568,849,1592,749,
48,515,752,445,852,2252,76,1307,31,
45,0,0,0,0,0,0,0,0,
48,1325,754,1925,854,1309,852,556,752,
45,0,0,0,0,0,0,0,0,
48,2447,756,643,856,1033,854,896,754,
45,0,0,0,0,0,0,0,0,
48,1596,758,496,858,209,856,2500,756,
45,0,0,0,0,0,0,0,0,
48,700,760,705,860,1,858,358,758,
45,0,0,0,0,0,0,0,0,
48,2056,762,243,862,358,860,1182,760,
45,0,0,0,0,0,0,0,0,
48,92,764,252,864,2474,862,754,762,
45,0,0,0,0,0,0,0,0,
48,1864,766,1829,866,1239,864,1798,764,
45,0,0,0,0,0,0,0,0,
48,21,768,62,868,194,866,929,766,
45,0,0,0,0,0,0,0,0,
48,1201,770,574,870,7,868,929,768,
45,0,0,0,0,0,0,0,0,
48,111,772,796,872,1615,870,741,770,
45,0,0,0,0,0,0,0,0,
48,1649,774,43,874,1968,872,970,772,
45,0,0,0,0,0,0,0,0,
48,435,776,2111,876,52,874,201,774,
45,0,0,0,0,0,0,0,0,
48,186,778,262,878,1739,876,2113,776,
45,0,0,0,0,0,0,0,0,
48,335,780,1294,880,2476,878,656,778,
45,0,0,0,0,0,0,0,0,
48,2303,782,103,882,407,880,1929,780,
45,0,0,0,0,0,0,0,0,
48,15,784,1921,884,274,882,2007,782,
45,0,0,0,0,0,0,0,0,
48,2225,786,2245,886,2301,884,184,784,
45,0,0,0,0,0,0,0,0,
48,1837,788,386,888,1935,886,1139,786,
45,0,0,0,0,0,0,0,0,
48,2198,790,107,890,100,888,472,788,
45,0,0,0,0,0,0,0,0,
48,101,792,870,892,1707,890,1913,790,
45,102,0,0,0,0,0,0,0,
48,25,794,149,894,311,892,858,792,
45,0,0,0,0,0,0,0,0,
48,460,796,1411,896,1570,894,1460,794,
45,0,0,0,0,0,0,0,0,
48,460,798,1739,898,2131,896,303,796,
45,0,0,0,0,0,0,0,0,
48,760,800,1023,900,1345,898,1725,798,
45,0,0,0,0,0,0,0,0,
45,0,0,0,0,0,0,0,0,
48,800,803,1392,903,2341,901,1488,801,
45,0,0,0,0,0,0,0,0,
48,401,805,1082,905,2394,903,1825,803,
45,0,0,0,0,0,0,0,0,
48,2392,807,1701,907,2331,905,1388,805,
45,0,0,0,0,0,0,0,0,
48,2119,809,843,909,1052,907,1868,807,
45,0,0,0,0,0,0,0,0,
48,598,811,1911,911,470,909,2296,809,
45,0,0,0,0,0,0,0,0,
48,1605,813,2137,913,2143,911,1237,811,
45,0,0,0,0,0,0,0,0,
48,2100,815,219,915,1139,913,1919,813,
45,0,0,0,0,0,0,0,0,
48,1821,817,1274,917,307,915,160,815,
45,0,0,0,0,0,0,0,0,
48,2117,819,607,919,88,917,2478,817,
45,0,0,0,0,0,0,0,0,
48,841,821,401,921,382,919,1119,819,
45,0,0,0,0,0,0,0,0,
48,2290,823,300,923,1809,921,1770,821,
45,0,0,0,0,0,0,0,0,
48,482,825,1164,925,2341,923,1364,823,
45,0,0,0,0,0,0,0,0,
48,2186,827,2478,927,2343,925,39,825,
45,0,0,0,0,0,0,0,0,
48,1470,829,233,929,2400,927,2343,827,
45,0,0,0,0,0,0,0,0,
48,488,831,1013,931,2376,929,582,829,
45,0,0,0,0,0,0,0,0,
48,1392,833,141,933,615,931,662,831,
45,0,0,0,0,0,0,0,0,
48,1472,835,1078,935,747,933,1154,833,
45,0,0,0,0,0,0,0,0,
48,2078,837,1086,937,605,935,1403,835,
45,0,0,0,0,0,0,0,0,
48,235,839,11,939,74,937,1009,837,
45,0,0,0,0,0,0,0,0,
48,1841,841,1566,941,149,939,2103,839,
45,0,0,0,0,0,0,0,0,
48,778,843,494,943,2105,941,1429,841,
45,0,0,0,0,0,0,0,0,
48,627,845,1831,945,1200,943,1856,843,
45,0,0,0,0,0,0,0,0,
48,209,847,2460,947,1468,945,805,845,
45,0,0,0,0,0,0,0,0,
48,188,849,1727,949,572,947,2111,847,
45,0,0,0,0,0,0,0,0,
48,2498,1080,1470,558,1607,949,84,849,
48,1088,852,2194,952,294,1617,1535,2486,
45,0,0,0,0,0,0,0,0,
48,2041,854,435,954,1684,952,733,852,
45,0,0,0,0,0,0,0,0,
48,1835,856,2000,956,2147,954,768,854,
45,0,0,0,0,0,0,0,0,
48,1798,858,217,958,2468,956,1378,856,
45,0,0,0,0,0,0,0,0,
48,2468,860,2386,960,752,958,2243,858,
45,0,0,0,0,0,0,0,0,
48,1315,862,23,962,1172,960,1931,860,
45,0,0,0,0,0,0,0,0,
48,1105,864,1568,964,1919,962,409,862,
45,0,0,0,0,0,0,0,0,
48,2411,866,1954,966,2403,964,1029,864,
45,0,0,0,0,0,0,0,0,
48,2498,868,782,968,1080,966,1915,866,
45,0,0,0,0,0,0,0,0,
48,472,870,423,970,105,968,11,868,
45,0,0,0,0,0,0,0,0,
48,1482,872,2105,972,119,970,23,870,
45,0,0,0,0,0,0,0,0,
48,2121,874,766,974,1754,972,1990,872,
45,0,0,0,0,0,0,0,0,
48,1662,876,1439,976,1911,974,325,874,
45,0,0,0,0,0,0,0,0,
48,1592,878,484,978,2268,976,1149,876,
45,0,0,0,0,0,0,0,0,
48,1788,880,1756,980,817,978,819,878,
45,0,0,0,0,0,0,0,0,
48,1900,882,2362,982,513,980,584,880,
45,0,0,0,0,0,0,0,0,
48,2380,884,1345,984,505,982,2211,882,
45,0,0,0,0,0,0,0,0,
48,2347,886,2009,986,1427,984,1223,884,
45,0,0,0,0,0,0,0,0,
48,588,888,1998,988,60,986,1617,886,
45,0,0,0,0,0,0,0,0,
48,1715,890,2090,990,1066,988,498,888,
45,0,0,0,0,0,0,0,0,
48,2384,892,1913,992,1045,990,1174,890,
45,0,0,0,0,0,0,0,0,
48,2145,894,1394,994,1360,992,111,892,
45,0,0,0,0,0,0,0,0,
48,2147,896,1686,996,574,994,780,894,
45,0,0,0,0,0,0,0,0,
48,1078,898,313,998,1437,996,1896,896,
45,0,0,0,0,0,0,0,0,
48,747,900,2256,1000,1501,998,1341,898,
45,0,0,0,0,0,0,0,0,
45,0,0,0,0,0,0,0,0,
48,2019,903,1382,1003,1533,1001,178,901,
45,0,0,0,0,0,0,0,0,
48,2284,905,1125,1005,1784,1003,1621,903,
45,0,0,0,0,0,0,0,0,
48,2182,907,23,1007,782,1005,2068,905,
45,0,0,0,0,0,0,0,0,
48,2225,909,788,1009,1245,1007,125,907,
45,0,0,0,0,0,0,0,0,
48,2162,911,1535,1011,1913,1009,1603,909,
45,0,0,0,0,0,0,0,0,
48,962,913,962,1013,621,1011,2015,911,
45,0,0,0,0,0,0,0,0,
48,115,915,254,1015,347,1013,109,913,
45,0,0,0,0,0,0,0,0,
48,1656,917,41,1017,1382,1015,1262,915,
45,0,0,0,0,0,0,0,0,
48,1641,919,2101,1019,978,1017,135,917,
45,0,0,0,0,0,0,0,0,
48,2431,921,823,1021,1666,1019,2417,919,
45,0,0,0,0,0,0,0,0,
48,1941,923,2417,1023,323,1021,2445,921,
45,0,0,0,0,0,0,0,0,
48,268,925,986,1025,1378,1023,2458,923,
45,0,0,0,0,0,0,0,0,
48,1388,927,2070,1027,1100,1025,186,925,
45,0,0,0,0,0,0,0,0,
48,688,929,968,1029,1880,1027,156,927,
45,0,0,0,0,0,0,0,0,
48,2456,931,1417,1031,1129,1029,2158,929,
45,0,0,0,0,0,0,0,0,
48,645,933,29,1033,2088,1031,794,931,
45,0,0,0,0,0,0,0,0,
48,1996,935,1137,1035,2288,1033,31,933,
45,0,0,0,0,0,0,0,0,
48,1527,937,1413,1037,974,1035,1076,935,
45,0,0,0,0,0,0,0,0,
48,1113,939,1968,1039,1107,1037,13,937,
45,0,0,0,0,0,0,0,0,
48,84,941,1664,1041,739,1039,201,939,
45,0,0,0,0,0,0,0,0,
48,2337,943,1656,1043,98,1041,2386,941,
45,0,0,0,0,0,0,0,0,
48,654,945,413,1045,1423,1043,2356,943,
45,0,0,0,0,0,0,0,0,
48,227,947,543,1047,190,1045,1178,945,
45,0,0,0,0,0,0,0,0,
48,301,949,439,1049,1715,1047,1025,947,
45,0,0,0,0,0,0,0,0,
48,184,1152,192,2441,729,1049,403,949,
48,1054,952,1819,1052,2205,680,692,2094,
45,0,0,0,0,0,0,0,0,
48,62,954,1027,1054,2454,1052,2413,952,
45,0,0,0,0,0,0,0,0,
48,1723,956,1205,1056,2156,1054,1868,954,
45,0,0,0,0,0,0,0,0,
48,1796,958,315,1058,501,1056,703,956,
45,0,0,0,0,0,0,0,0,
48,535,960,888,1060,2033,1058,2398,958,
45,0,0,0,0,0,0,0,0,
48,1111,962,1317,1062,211,1060,2464,960,
45,0,0,0,0,0,0,0,0,
48,66,964,880,1064,2449,1062,1864,962,
45,0,0,0,0,0,0,0,0,
48,35,966,1241,1066,5,1064,1313,964,
45,0,0,0,0,0,0,0,0,
48,1437,968,2001,1068,666,1066,94,966,
45,0,0,0,0,0,0,0,0,
48,1190,970,239,1070,1127,1068,1137,968,
45,0,0,0,0,0,0,0,0,
48,2482,972,2472,1072,1813,1070,2294,970,
45,0,0,0,0,0,0,0,0,
48,849,974,1939,1074,1574,1072,1286,972,
45,0,0,0,0,0,0,0,0,
48,998,976,2019,1076,456,1074,264,974,
45,0,0,0,0,0,0,0,0,
48,280,978,1003,1078,407,1076,578,976,
45,0,0,0,0,0,0,0,0,
48,719,980,915,1080,1200,1078,1121,978,
45,0,0,0,0,0,0,0,0,
48,2358,982,2262,1082,600,1080,200,980,
45,0,0,0,0,0,0,0,0,
48,1658,984,805,1084,2021,1082,1056,982,
45,0,0,0,0,0,0,0,0,
48,692,986,2186,1086,2021,1084,2119,984,
45,0,0,0,0,0,0,0,0,
48,1198,988,2466,1088,17,1086,52,986,
45,0,0,0,0,0,0,0,0,
48,1178,990,549,1090,1613,1088,1421,988,
45,0,0,0,0,0,0,0,0,
48,2403,992,2286,1092,1786,1090,1843,990,
45,0,0,0,0,0,0,0,0,
48,1956,994,1205,1094,1209,1092,2027,992,
45,0,0,0,0,0,0,0,0,
48,268,996,190,1096,941,1094,1086,994,
45,0,0,0,0,0,0,0,0,
48,368,998,305,1098,715,1096,2488,996,
45,0,0,0,0,0,0,0,0,
48,1552,1000,358,1100,1633,1098,611,998,
45,0,0,0,0,0,0,0,0,
45,0,0,0,0,0,0,0,0,
48,1688,1003,2390,1103,2400,1101,858,1001,
45,0,0,0,0,0,0,0,0,
48,1001,1005,2129,1105,1639,1103,1939,1003,
45,0,0,0,0,0,0,0,0,
48,1033,1007,1982,1107,770,1105,1196,1005,
45,0,0,0,0,0,0,0,0,
48,1660,1009,1539,1109,2401,1107,1692,1007,
45,0,0,0,0,0,0,0,0,
48,500,1011,241,1111,592,1109,1801,1009,
45,0,0,0,0,0,0,0,0,
48,2103,1013,784,1113,780,1111,1601,1011,
45,0,0,0,0,0,0,0,0,
48,441,1015,694,1115,1421,1113,1645,1013,
45,0,0,0,0,0,0,0,0,
48,1747,1017,658,1117,939,1115,1400,1015,
45,0,0,0,0,0,0,0,0,
48,82,1019,1562,1119,643,1117,1266,1017,
45,0,0,0,0,0,0,0,0,
48,396,1021,470,1121,2186,1119,1401,1019,
45,0,0,0,0,0,0,0,0,
48,2211,1023,1874,1123,407,1121,1425,1021,
45,0,0,0,0,0,0,0,0,
48,1545,1025,2474,1125,435,1123,1235,1023,
45,0,0,0,0,0,0,0,0,
48,986,1027,27,1127,1745,1125,2154,1025,
45,0,0,0,0,0,0,0,0,
48,2023,1029,947,1129,884,1127,2011,1027,
45,0,0,0,0,0,0,0,0,
48,917,1031,625,1131,586,1129,900,1029,
45,0,0,0,0,0,0,0,0,
48,1690,1033,854,1133,1649,1131,466,1031,
45,0,0,0,0,0,0,0,0,
48,454,1035,1707,1135,1684,1133,1903,1033,
45,0,0,0,0,0,0,0,0,
48,886,1037,1884,1137,1045,1135,1186,1035,
45,0,0,0,0,0,0,0,0,
48,2231,1039,1294,1139,901,1137,331,1037,
45,0,0,0,0,0,0,0,0,
48,772,1041,2456,1141,1145,1139,1425,1039,
45,0,0,0,0,0,0,0,0,
48,1747,1043,2143,1143,2039,1141,1109,1041,
45,0,0,0,0,0,0,0,0,
48,2311,1045,2141,1145,1941,1143,2227,1043,
45,0,0,0,0,0,0,0,0,
48,552,1047,205,1147,1600,1145,145,1045,
45,0,0,0,0,0,0,0,0,
48,2098,1049,1901,1149,2117,1147,1645,1047,
45,0,0,0,0,0,0,0,0,
48,1811,458,1856,580,249,1149,976,1049,
48,2301,1052,1266,1152,1307,1723,1315,462,
45,0,0,0,0,0,0,0,0,
48,741,1054,2325,1154,560,1152,413,1052,
45,0,0,0,0,0,0,0,0,
48,913,1056,1366,1156,1562,1154,2313,1054,
45,0,0,0,0,0,0,0,0,
48,1954,1058,713,1158,2411,1156,988,1056,
45,0,0,0,0,0,0,0,0,
48,1203,1060,113,1160,103,1158,1092,1058,
45,0,0,0,0,0,0,0,0,
48,276,1062,601,1162,2090,1160,1011,1060,
45,0,0,0,0,0,0,0,0,
48,1503,1064,2015,1164,1903,1162,988,1062,
45,0,0,0,0,0,0,0,0,
48,2486,1066,1511,1166,280,1164,2380,1064,
45,0,0,0,0,0,0,0,0,
48,1503,1068,2315,1168,635,1166,1243,1066,
45,0,0,0,0,0,0,0,0,
48,1311,1070,1605,1170,870,1168,1658,1068,
45,0,0,0,0,0,0,0,0,
48,1184,1072,374,1172,1029,1170,2298,1070,
45,0,0,0,0,0,0,0,0,
48,2233,1074,2221,1174,494,1172,1409,1072,
45,0,0,0,0,0,0,0,0,
48,1998,1076,954,1176,1580,1174,2182,1074,
45,0,0,0,0,0,0,0,0,
48,684,1078,1019,1178,2362,1176,2370,1076,
45,0,0,0,0,0,0,0,0,
48,668,1080,980,1180,1647,1178,70,1078,
45,0,0,0,0,0,0,0,0,
48,101,1082,570,1182,2417,1180,1476,1080,
45,0,0,0,0,0,0,0,0,
48,2272,1084,649,1184,272,1182,2174,1082,
45,0,0,0,0,0,0,0,0,
48,1774,1086,2337,1186,1741,1184,1835,1084,
45,0,0,0,0,0,0,0,0,
48,1019,1088,1662,1188,154,1186,984,1086,
45,0,0,0,0,0,0,0,0,
48,864,1090,1241,1190,837,1188,1596,1088,
45,0,0,0,0,0,0,0,0,
48,1954,1092,1843,1192,172,1190,2382,1090,
45,0,0,0,0,0,0,0,0,
48,1309,1094,2180,1194,715,1192,2158,1092,
45,0,0,0,0,0,0,0,0,
48,1409,1096,2292,1196,1664,1194,1090,1094,
45,0,0,0,0,0,0,0,0,
48,556,1098,2180,1198,590,1196,2213,1096,
45,0,0,0,0,0,0,0,0,
48,458,1100,1876,1200,927,1198,1170,1098,
45,0,0,0,0,0,0,0,0,
45,0,0,0,0,0,0,0,0,
48,1396,1103,525,1203,758,1201,1000,1101,
45,0,0,0,0,0,0,0,0,
48,49,1105,654,1205,409,1203,884,1103,
45,0,0,0,0,0,0,0,0,
48,1923,1107,409,1207,1321,1205,2219,1105,
45,0,0,0,0,0,0,0,0,
48,2235,1109,1527,1209,101,1207,1188,1107,
45,0,0,0,0,0,0,0,0,
48,1886,1111,2101,1211,166,1209,1880,1109,
45,0,0,0,0,0,0,0,0,
48,1925,1113,233,1213,47,1211,1168,1111,
45,0,0,0,0,0,0,0,0,
48,874,1115,435,1215,1223,1213,1225,1113,
45,0,0,0,0,0,0,0,0,
48,1970,1117,1754,1217,339,1215,256,1115,
45,0,0,0,0,0,0,0,0,
48,1984,1119,1162,1219,660,1217,1684,1117,
45,0,0,0,0,0,0,0,0,
48,1770,1121,45,1221,1149,1219,1413,1119,
45,0,0,0,0,0,0,0,0,
48,911,1123,1501,1223,1982,1221,1217,1121,
45,0,0,0,0,0,0,0,0,
48,1376,1125,531,1225,941,1223,2476,1123,
45,0,0,0,0,0,0,0,0,
48,1380,1127,613,1227,2452,1225,2360,1125,
45,0,0,0,0,0,0,0,0,
48,1039,1129,1303,1229,996,1227,1331,1127,
45,0,0,0,0,0,0,0,0,
48,556,1131,1649,1231,1258,1229,2056,1129,
45,0,0,0,0,0,0,0,0,
48,1490,1133,1403,1233,811,1231,1443,1131,
45,0,0,0,0,0,0,0,0,
48,58,1135,1121,1235,2288,1233,201,1133,
45,0,0,0,0,0,0,0,0,
48,9,1137,754,1237,1086,1235,2123,1135,
45,0,0,0,0,0,0,0,0,
48,1786,1139,1158,1239,670,1237,405,1137,
45,0,0,0,0,0,0,0,0,
48,1652,1141,1019,1241,747,1239,511,1139,
45,0,0,0,0,0,0,0,0,
48,468,1143,319,1243,1700,1241,60,1141,
45,0,0,0,0,0,0,0,0,
48,356,1145,1227,1245,1825,1243,1633,1143,
45,0,0,0,0,0,0,0,0,
48,339,1147,486,1247,1056,1245,182,1145,
45,0,0,0,0,0,0,0,0,
48,1447,1149,2329,1249,1037,1247,635,1147,
45,0,0,0,0,0,0,0,0,
48,1437,894,47,2286,1029,1249,205,1149,
48,1729,1152,819,1252,45,729,2333,207,
45,0,0,0,0,0,0,0,0,
48,2137,1154,1396,1254,1109,1252,1545,1152,
45,0,0,0,0,0,0,0,0,
48,1043,1156,429,1256,1005,1254,231,1154,
45,0,0,0,0,0,0,0,0,
48,1805,1158,1278,1258,798,1256,323,1156,
45,0,0,0,0,0,0,0,0,
48,1639,1160,1043,1260,192,1258,1692,1158,
45,0,0,0,0,0,0,0,0,
48,1298,1162,331,1262,2139,1260,1862,1160,
45,0,0,0,0,0,0,0,0,
48,2490,1164,1223,1264,2329,1262,1368,1162,
45,0,0,0,0,0,0,0,0,
48,121,1166,1627,1266,1370,1264,1390,1164,
45,0,0,0,0,0,0,0,0,
48,43,1168,1172,1268,1888,1266,1335,1166,
45,0,0,0,0,0,0,0,0,
48,535,1170,1811,1270,1349,1268,2101,1168,
45,0,0,0,0,0,0,0,0,
48,670,1172,401,1272,1443,1270,1882,1170,
45,0,0,0,0,0,0,0,0,
48,935,1174,1164,1274,1213,1272,2001,1172,
45,0,0,0,0,0,0,0,0,
48,1966,1176,272,1276,2256,1274,1164,1174,
45,0,0,0,0,0,0,0,0,
48,1290,1178,688,1278,562,1276,1194,1176,
45,0,0,0,0,0,0,0,0,
48,429,1180,1723,1280,2319,1278,1800,1178,
45,0,0,0,0,0,0,0,0,
48,1637,1182,627,1282,2260,1280,1449,1180,
45,0,0,0,0,0,0,0,0,
48,1809,1184,1243,1284,1994,1282,631,1182,
45,0,0,0,0,0,0,0,0,
48,1074,1186,1335,1286,2064,1284,1492,1184,
45,0,0,0,0,0,0,0,0,
48,292,1188,1947,1288,862,1286,1825,1186,
45,0,0,0,0,0,0,0,0,
48,1988,1190,341,1290,815,1288,2064,1188,
45,0,0,0,0,0,0,0,0,
48,1139,1192,292,1292,1015,1290,1572,1190,
45,0,0,0,0,0,0,0,0,
48,1117,1194,221,1294,1252,1292,1233,1192,
45,0,0,0,0,0,0,0,0,
48,196,1196,958,1296,2280,1294,1947,1194,
45,0,0,0,0,0,0,0,0,
48,1539,1198,635,1298,1509,1296,100,1196,
45,0,0,0,0,0,0,0,0,
48,631,1200,2409,1300,2249,1298,400,1198,
45,0,0,0,0,0,0,0,0,
45,0,0,0,0,0,0,0,0,
48,480,1203,500,1303,1537,1301,1243,1201,
45,0,0,0,0,0,0,0,0,
48,2233,1205,1362,1305,2366,1303,1315,1203,
45,0,0,0,0,0,0,0,0,
48,2052,1207,731,1307,229,1305,1384,1205,
45,0,0,0,0,0,0,0,0,
48,2058,1209,1180,1309,305,1307,2480,1207,
45,0,0,0,0,0,0,0,0,
48,2454,1211,1788,1311,2468,1309,2113,1209,
45,0,0,0,0,0,0,0,0,
48,2115,1213,966,1313,2007,1311,1992,1211,
45,0,0,0,0,0,0,0,0,
48,1784,1215,1539,1315,1992,1313,21,1213,
45,0,0,0,0,0,0,0,0,
48,476,1217,1101,1317,1068,1315,1564,1215,
45,0,0,0,0,0,0,0,0,
48,33,1219,394,1319,2290,1317,678,1217,
45,0,0,0,0,0,0,0,0,
48,437,1221,701,1321,1372,1319,680,1219,
45,0,0,0,0,0,0,0,0,
48,117,1223,486,1323,2333,1321,2270,1221,
45,0,0,0,0,0,0,0,0,
48,2490,1225,866,1325,301,1323,2258,1223,
45,0,0,0,0,0,0,0,0,
48,1325,1227,1523,1327,2349,1325,370,1225,
45,0,0,0,0,0,0,0,0,
48,1207,1229,415,1329,1429,1327,154,1227,
45,0,0,0,0,0,0,0,0,
48,96,1231,2292,1331,1537,1329,2325,1229,
45,0,0,0,0,0,0,0,0,
48,2088,1233,1472,1333,452,1331,792,1231,
45,0,0,0,0,0,0,0,0,
48,2029,1235,2358,1335,1301,1333,1488,1233,
45,0,0,0,0,0,0,0,0,
48,2082,1237,1023,1337,241,1335,1711,1235,
45,0,0,0,0,0,0,0,0,
48,735,1239,80,1339,462,1337,756,1237,
45,0,0,0,0,0,0,0,0,
48,2462,1241,1649,1341,1227,1339,1835,1239,
45,0,0,0,0,0,0,0,0,
48,366,1243,1635,1343,2160,1341,1484,1241,
45,0,0,0,0,0,0,0,0,
48,1360,1245,496,1345,829,1343,1088,1243,
45,0,0,0,0,0,0,0,0,
48,2449,1247,1319,1347,2180,1345,2031,1245,
45,0,0,0,0,0,0,0,0,
48,125,1249,2213,1349,1211,1347,382,1247,
45,0,0,0,0,0,0,0,0,
48,1635,2413,2219,1772,1878,1349,1501,1249,
48,2015,1252,39,1352,1284,629,364,711,
45,0,0,0,0,0,0,0,0,
48,211,1254,1178,1354,2101,1352,239,1252,
45,0,0,0,0,0,0,0,0,
48,343,1256,1364,1356,2484,1354,1833,1254,
45,0,0,0,0,0,0,0,0,
48,2409,1258,1356,1358,801,1356,1101,1256,
45,0,0,0,0,0,0,0,0,
48,2333,1260,2125,1360,803,1358,1143,1258,
45,0,0,0,0,0,0,0,0,
48,1833,1262,1703,1362,2190,1360,1119,1260,
45,0,0,0,0,0,0,0,0,
48,1613,1264,1015,1364,1690,1362,2011,1262,
45,0,0,0,0,0,0,0,0,
48,629,1266,911,1366,1101,1364,1254,1264,
45,0,0,0,0,0,0,0,0,
48,68,1268,207,1368,1011,1366,2023,1266,
45,0,0,0,0,0,0,0,0,
48,2382,1270,541,1370,9,1368,1296,1268,
45,0,0,0,0,0,0,0,0,
48,743,1272,1156,1372,2064,1370,1715,1270,
45,0,0,0,0,0,0,0,0,
48,2339,1274,507,1374,417,1372,1354,1272,
45,0,0,0,0,0,0,0,0,
48,2354,1276,1733,1376,1276,1374,803,1274,
45,0,0,0,0,0,0,0,0,
48,2133,1278,307,1378,421,1376,1417,1276,
45,0,0,0,0,0,0,0,0,
48,2039,1280,2074,1380,1505,1378,1907,1278,
45,0,0,0,0,0,0,0,0,
48,2025,1282,1358,1382,1178,1380,1845,1280,
45,0,0,0,0,0,0,0,0,
48,1472,1284,217,1384,743,1382,29,1282,
45,0,0,0,0,0,0,0,0,
48,588,1286,1217,1386,1235,1384,366,1284,
45,0,0,0,0,0,0,0,0,
48,209,1288,262,1388,637,1386,670,1286,
45,0,0,0,0,0,0,0,0,
48,1564,1290,1915,1390,1500,1388,413,1288,
45,0,0,0,0,0,0,0,0,
48,1543,1292,949,1392,1815,1390,25,1290,
45,0,0,0,0,0,0,0,0,
48,1735,1294,2141,1394,43,1392,1978,1292,
45,0,0,0,0,0,0,0,0,
48,1676,1296,933,1396,419,1394,849,1294,
45,0,0,0,0,0,0,0,0,
48,5,1298,215,1398,1705,1396,517,1296,
45,0,0,0,0,0,0,0,0,
48,1219,1300,1768,1400,2172,1398,1717,1298,
45,0,0,0,0,0,0,0,0,
45,0,0,0,0,0,0,0,0,
48,378,1303,2003,1403,341,1401,1388,1301,
45,0,0,0,0,0,0,0,0,
48,1947,1305,2441,1405,1323,1403,1433,1303,
45,0,0,0,0,0,0,0,0,
48,2027,1307,1731,1407,1307,1405,2092,1305,
45,0,0,0,0,0,0,0,0,
48,1960,1309,2203,1409,9,1407,1331,1307,
45,0,0,0,0,0,0,0,0,
48,623,1311,1294,1411,743,1409,943,1309,
45,0,0,0,0,0,0,0,0,
48,1254,1313,1427,1413,2184,1411,1758,1311,
45,0,0,0,0,0,0,0,0,
48,1990,1315,1305,1415,874,1413,2092,1313,
45,0,0,0,0,0,0,0,0,
48,1535,1317,1105,1417,2227,1415,2354,1315,
45,0,0,0,0,0,0,0,0,
48,601,1319,1213,1419,462,1417,1374,1317,
45,0,0,0,0,0,0,0,0,
48,2190,1321,1774,1421,1215,1419,584,1319,
45,0,0,0,0,0,0,0,0,
48,2466,1323,1270,1423,709,1421,1466,1321,
45,0,0,0,0,0,0,0,0,
48,2480,1325,501,1425,1368,1423,1966,1323,
45,0,0,0,0,0,0,0,0,
48,115,1327,2037,1427,1500,1425,1174,1325,
45,0,0,0,0,0,0,0,0,
48,327,1329,674,1429,974,1427,907,1327,
45,0,0,0,0,0,0,0,0,
48,2282,1331,609,1431,1176,1429,2194,1329,
45,0,0,0,0,0,0,0,0,
48,952,1333,92,1433,427,1431,966,1331,
45,0,0,0,0,0,0,0,0,
48,2447,1335,723,1435,1572,1433,1256,1333,
45,0,0,0,0,0,0,0,0,
48,2427,1337,1519,1437,80,1435,2439,1335,
45,0,0,0,0,0,0,0,0,
48,976,1339,1352,1439,2023,1437,856,1337,
45,0,0,0,0,0,0,0,0,
48,509,1341,533,1441,1976,1439,1215,1339,
45,0,0,0,0,0,0,0,0,
48,852,1343,2484,1443,1768,1441,882,1341,
45,0,0,0,0,0,0,0,0,
48,117,1345,943,1445,2343,1443,262,1343,
45,0,0,0,0,0,0,0,0,
48,1152,1347,1917,1447,2413,1445,1203,1345,
45,0,0,0,0,0,0,0,0,
48,390,1349,1892,1449,1527,1447,1407,1347,
45,0,0,0,0,0,0,0,0,
48,1837,2431,527,1066,776,1449,2045,1349,
48,784,1352,1619,1452,1070,2421,2413,615,
45,0,0,0,0,0,0,0,0,
48,2317,1354,886,1454,274,1452,1182,1352,
45,0,0,0,0,0,0,0,0,
48,286,1356,633,1456,1445,1454,2125,1354,
45,0,0,0,0,0,0,0,0,
48,2096,1358,1398,1458,443,1456,2176,1356,
45,0,0,0,0,0,0,0,0,
48,1949,1360,1145,1460,1852,1458,1123,1358,
45,0,0,0,0,0,0,0,0,
48,158,1362,845,1462,707,1460,762,1360,
45,0,0,0,0,0,0,0,0,
48,1552,1364,2164,1464,1170,1462,986,1362,
45,0,0,0,0,0,0,0,0,
48,1560,1366,2198,1466,256,1464,1905,1364,
45,0,0,0,0,0,0,0,0,
48,2170,1368,1327,1468,354,1466,980,1366,
45,0,0,0,0,0,0,0,0,
48,1439,1370,1423,1470,1894,1468,2292,1368,
45,0,0,0,0,0,0,0,0,
48,1064,1372,2109,1472,2286,1470,1039,1370,
45,0,0,0,0,0,0,0,0,
48,2464,1374,1419,1474,994,1472,1600,1372,
45,0,0,0,0,0,0,0,0,
48,1072,1376,343,1476,1090,1474,2231,1374,
45,0,0,0,0,0,0,0,0,
48,2443,1378,935,1478,1362,1476,733,1376,
45,0,0,0,0,0,0,0,0,
48,1278,1380,1507,1480,1721,1478,892,1378,
45,0,0,0,0,0,0,0,0,
48,511,1382,2192,1482,1537,1480,2211,1380,
45,0,0,0,0,0,0,0,0,
48,1941,1384,1829,1484,1354,1482,374,1382,
45,0,0,0,0,0,0,0,0,
48,598,1386,2456,1486,1794,1484,152,1384,
45,0,0,0,0,0,0,0,0,
48,1200,1388,947,1488,1017,1486,1580,1386,
45,0,0,0,0,0,0,0,0,
48,96,1390,1945,1490,1419,1488,925,1388,
45,0,0,0,0,0,0,0,0,
48,2221,1392,2341,1492,486,1490,54,1390,
45,0,0,0,0,0,0,0,0,
48,1221,1394,1749,1494,1182,1492,2049,1392,
45,0,0,0,0,0,0,0,0,
48,1405,1396,190,1496,2205,1494,2270,1394,
45,0,0,0,0,0,0,0,0,
48,1198,1398,90,1498,1827,1496,572,1396,
45,0,0,0,0,0,0,0,0,
48,2041,1400,1231,1500,2303,1498,388,1398,
45,0,0,0,0,0,0,0,0,
45,0,0,0,0,0,0,0,0,
48,696,1403,1505,1503,2264,1501,2105,1401,
45,0,0,0,0,0,0,0,0,
48,268,1405,1774,1505,1662,1503,2492,1403,
45,0,0,0,0,0,0,0,0,
48,186,1407,2296,1507,121,1505,607,1405,
45,0,0,0,0,0,0,0,0,
48,2356,1409,774,1509,676,1507,319,1407,
45,0,0,0,0,0,0,0,0,
48,766,1411,845,1511,1776,1509,1631,1409,
45,0,0,0,0,0,0,0,0,
48,160,1413,2272,1513,623,1511,82,1411,
45,0,0,0,0,0,0,0,0,
48,2149,1415,1945,1515,2082,1513,721,1413,
45,0,0,0,0,0,0,0,0,
48,111,1417,1372,1517,1886,1515,229,1415,
45,0,0,0,0,0,0,0,0,
48,896,1419,2305,1519,2437,1517,2217,1417,
45,0,0,0,0,0,0,0,0,
48,878,1421,2276,1521,900,1519,176,1419,
45,0,0,0,0,0,0,0,0,
48,1282,1423,884,1523,1333,1521,1664,1421,
45,0,0,0,0,0,0,0,0,
48,145,1425,1549,1525,1868,1523,1770,1423,
45,0,0,0,0,0,0,0,0,
48,1131,1427,1737,1527,1594,1525,1513,1425,
45,0,0,0,0,0,0,0,0,
48,2192,1429,2174,1529,1725,1527,176,1427,
45,0,0,0,0,0,0,0,0,
48,2190,1431,1827,1531,2005,1529,2058,1429,
45,0,0,0,0,0,0,0,0,
48,921,1433,600,1533,133,1531,2162,1431,
45,0,0,0,0,0,0,0,0,
48,2019,1435,2435,1535,1503,1533,1292,1433,
45,0,0,0,0,0,0,0,0,
48,382,1437,1654,1537,1778,1535,2276,1435,
45,0,0,0,0,0,0,0,0,
48,547,1439,1284,1539,2080,1537,852,1437,
45,0,0,0,0,0,0,0,0,
48,537,1441,1954,1541,576,1539,1182,1439,
45,0,0,0,0,0,0,0,0,
48,1235,1443,1556,1543,533,1541,1543,1441,
45,0,0,0,0,0,0,0,0,
48,2321,1445,115,1545,1733,1543,39,1443,
45,0,0,0,0,0,0,0,0,
48,1900,1447,1501,1547,1723,1545,2388,1445,
45,0,0,0,0,0,0,0,0,
48,2262,1449,598,1549,421,1547,2331,1447,
45,0,0,0,0,0,0,0,0,
48,2109,1941,664,1339,2045,1549,1376,1449,
48,231,1452,1496,1552,1172,949,1300,143,
45,0,0,0,0,0,0,0,0,
48,1113,1454,1117,1554,1484,1552,360,1452,
45,0,0,0,0,0,0,0,0,
48,1329,1456,796,1556,1452,1554,237,1454,
45,0,0,0,0,0,0,0,0,
48,1949,1458,135,1558,396,1556,1429,1456,
45,0,0,0,0,0,0,0,0,
48,2300,1460,1247,1560,2141,1558,335,1458,
45,0,0,0,0,0,0,0,0,
48,117,1462,247,1562,1115,1560,617,1460,
45,0,0,0,0,0,0,0,0,
48,1476,1464,1686,1564,1798,1562,317,1462,
45,0,0,0,0,0,0,0,0,
48,2200,1466,490,1566,17,1564,2452,1464,
45,0,0,0,0,0,0,0,0,
48,764,1468,2276,1568,2047,1566,484,1466,
45,0,0,0,0,0,0,0,0,
48,1574,1470,452,1570,1386,1568,2466,1468,
45,0,0,0,0,0,0,0,0,
48,1976,1472,1752,1572,347,1570,2135,1470,
45,0,0,0,0,0,0,0,0,
48,1276,1474,298,1574,1847,1572,1919,1472,
45,0,0,0,0,0,0,0,0,
48,2474,1476,76,1576,758,1574,1819,1474,
45,0,0,0,0,0,0,0,0,
48,1158,1478,1398,1578,986,1576,2062,1476,
45,0,0,0,0,0,0,0,0,
48,1654,1480,303,1580,1531,1578,196,1478,
45,0,0,0,0,0,0,0,0,
48,233,1482,1931,1582,368,1580,1529,1480,
45,0,0,0,0,0,0,0,0,
48,266,1484,2131,1584,1845,1582,952,1482,
45,0,0,0,0,0,0,0,0,
48,901,1486,1366,1586,698,1584,960,1484,
45,0,0,0,0,0,0,0,0,
48,1431,1488,1280,1588,1860,1586,1252,1486,
45,0,0,0,0,0,0,0,0,
48,1247,1490,1264,1590,1758,1588,1058,1488,
45,0,0,0,0,0,0,0,0,
48,2462,1492,2305,1592,541,1590,9,1490,
45,0,0,0,0,0,0,0,0,
48,1341,1494,1492,1594,2123,1592,1807,1492,
45,0,0,0,0,0,0,0,0,
48,1074,1496,2178,1596,1203,1594,258,1494,
45,0,0,0,0,0,0,0,0,
48,349,1498,698,1598,2127,1596,686,1496,
45,0,0,0,0,0,0,0,0,
48,1758,1500,2433,1600,1474,1598,2405,1498,
45,0,0,0,0,0,0,0,0,
45,0,0,0,0,0,0,0,0,
48,488,1503,531,1603,1049,1601,1413,1501,
45,0,0,0,0,0,0,0,0,
48,260,1505,162,1605,2141,1603,70,1503,
45,0,0,0,0,0,0,0,0,
48,2213,1507,1749,1607,476,1605,1492,1505,
45,0,0,0,0,0,0,0,0,
48,1654,1509,298,1609,443,1607,1772,1507,
45,0,0,0,0,0,0,0,0,
48,1892,1511,2378,1611,1415,1609,609,1509,
45,0,0,0,0,0,0,0,0,
48,1105,1513,1068,1613,2109,1611,133,1511,
45,0,0,0,0,0,0,0,0,
48,2460,1515,1266,1615,1839,1613,1339,1513,
45,0,0,0,0,0,0,0,0,
48,1568,1517,2170,1617,1988,1615,890,1515,
45,0,0,0,0,0,0,0,0,
48,800,1519,913,1619,1566,1617,552,1517,
45,0,0,0,0,0,0,0,0,
48,98,1521,845,1621,1807,1619,1831,1519,
45,0,0,0,0,0,0,0,0,
48,1384,1523,1241,1623,2427,1621,437,1521,
45,0,0,0,0,0,0,0,0,
48,1519,1525,1023,1625,43,1623,1880,1523,
45,0,0,0,0,0,0,0,0,
48,1600,1527,500,1627,772,1625,384,1525,
45,0,0,0,0,0,0,0,0,
48,1803,1529,1860,1629,1823,1627,2239,1527,
45,0,0,0,0,0,0,0,0,
48,180,1531,1437,1631,1125,1629,2045,1529,
45,0,0,0,0,0,0,0,0,
48,1898,1533,2266,1633,1874,1631,92,1531,
45,0,0,0,0,0,0,0,0,
48,545,1535,1829,1635,2039,1633,2017,1533,
45,0,0,0,0,0,0,0,0,
48,590,1537,1972,1637,474,1635,1768,1535,
45,0,0,0,0,0,0,0,0,
48,660,1539,1803,1639,411,1637,2049,1537,
45,0,0,0,0,0,0,0,0,
48,245,1541,2072,1641,225,1639,1849,1539,
45,0,0,0,0,0,0,0,0,
48,2345,1543,800,1643,927,1641,2500,1541,
45,0,0,0,0,0,0,0,0,
48,31,1545,188,1645,1476,1643,384,1543,
45,0,0,0,0,0,0,0,0,
48,1139,1547,1907,1647,807,1645,2480,1545,
45,0,0,0,0,0,0,0,0,
48,547,1549,784,1649,2460,1647,58,1547,
45,0,0,0,0,0,0,0,0,
48,1423,1576,2478,1096,1639,1649,2188,1549,
48,2247,1552,729,1652,1621,1062,2203,219,
45,0,0,0,0,0,0,0,0,
48,2456,1554,709,1654,960,1652,317,1552,
45,0,0,0,0,0,0,0,0,
48,862,1556,1119,1656,2100,1654,2041,1554,
45,0,0,0,0,0,0,0,0,
48,501,1558,1713,1658,1880,1656,900,1556,
45,0,0,0,0,0,0,0,0,
48,174,1560,1641,1660,213,1658,1858,1558,
45,0,0,0,0,0,0,0,0,
48,1690,1562,537,1662,300,1660,1872,1560,
45,0,0,0,0,0,0,0,0,
48,1984,1564,1039,1664,1313,1662,1619,1562,
45,0,0,0,0,0,0,0,0,
48,564,1566,2076,1666,821,1664,2029,1564,
45,0,0,0,0,0,0,0,0,
48,1811,1568,764,1668,901,1666,937,1566,
45,0,0,0,0,0,0,0,0,
48,1613,1570,794,1670,1401,1668,1631,1568,
45,0,0,0,0,0,0,0,0,
48,1601,1572,954,1672,1786,1670,1923,1570,
45,0,0,0,0,0,0,0,0,
48,168,1574,64,1674,1694,1672,2007,1572,
45,0,0,0,0,0,0,0,0,
48,86,1576,2143,1676,2380,1674,535,1574,
45,0,0,0,0,0,0,0,0,
48,15,1578,5,1678,2031,1676,1215,1576,
45,0,0,0,0,0,0,0,0,
48,388,1580,652,1680,682,1678,2064,1578,
45,0,0,0,0,0,0,0,0,
48,154,1582,1619,1682,1460,1680,2017,1580,
45,0,0,0,0,0,0,0,0,
48,1049,1584,1194,1684,1996,1682,2121,1582,
45,0,0,0,0,0,0,0,0,
48,2425,1586,800,1686,1300,1684,1292,1584,
45,0,0,0,0,0,0,0,0,
48,1231,1588,1,1688,288,1686,2025,1586,
45,0,0,0,0,0,0,0,0,
48,1054,1590,2194,1690,1209,1688,1600,1588,
45,0,0,0,0,0,0,0,0,
48,1609,1592,968,1692,1831,1690,2268,1590,
45,0,0,0,0,0,0,0,0,
48,1692,1594,713,1694,2207,1692,2184,1592,
45,0,0,0,0,0,0,0,0,
48,1064,1596,2345,1696,49,1694,1098,1594,
45,0,0,0,0,0,0,0,0,
48,1129,1598,254,1698,596,1696,376,1596,
45,0,0,0,0,0,0,0,0,
48,1082,1600,1180,1700,823,1698,1290,1598,
45,0,0,0,0,0,0,0,0,
45,0,0,0,0,0,0,0,0,
48,15,1603,225,1703,2260,1701,1190,1601,
45,0,0,0,0,0,0,0,0,
48,1558,1605,605,1705,1529,1703,1486,1603,
45,0,0,0,0,0,0,0,0,
48,966,1607,152,1707,1962,1705,992,1605,
45,0,0,0,0,0,0,0,0,
48,1749,1609,1033,1709,1119,1707,176,1607,
45,0,0,0,0,0,0,0,0,
48,2115,1611,1058,1711,719,1709,1760,1609,
45,0,0,0,0,0,0,0,0,
48,1137,1613,2131,1713,925,1711,1454,1611,
45,0,0,0,0,0,0,0,0,
48,1145,1615,1472,1715,664,1713,990,1613,
45,0,0,0,0,0,0,0,0,
48,2092,1617,147,1717,970,1715,162,1615,
45,0,0,0,0,0,0,0,0,
48,1841,1619,2443,1719,127,1717,47,1617,
45,0,0,0,0,0,0,0,0,
48,2168,1621,415,1721,582,1719,2054,1619,
45,0,0,0,0,0,0,0,0,
48,2421,1623,27,1723,566,1721,407,1621,
45,0,0,0,0,0,0,0,0,
48,2172,1625,362,1725,776,1723,1754,1623,
45,0,0,0,0,0,0,0,0,
48,2323,1627,1345,1727,2321,1725,2382,1625,
45,0,0,0,0,0,0,0,0,
48,1717,1629,1764,1729,427,1727,2490,1627,
45,0,0,0,0,0,0,0,0,
48,2407,1631,492,1731,2196,1729,400,1629,
45,0,0,0,0,0,0,0,0,
48,2078,1633,1956,1733,1715,1731,2211,1631,
45,0,0,0,0,0,0,0,0,
48,903,1635,1168,1735,1807,1733,1084,1633,
45,0,0,0,0,0,0,0,0,
48,1513,1637,945,1737,768,1735,258,1635,
45,0,0,0,0,0,0,0,0,
48,633,1639,774,1739,1052,1737,731,1637,
45,0,0,0,0,0,0,0,0,
48,1611,1641,1082,1741,2127,1739,1313,1639,
45,0,0,0,0,0,0,0,0,
48,1058,1643,11,1743,1209,1741,1643,1641,
45,0,0,0,0,0,0,0,0,
48,1623,1645,158,1745,137,1743,2376,1643,
45,0,0,0,0,0,0,0,0,
48,639,1647,66,1747,1974,1745,1909,1645,
45,0,0,0,0,0,0,0,0,
48,45,1649,2037,1749,411,1747,1752,1647,
45,0,0,0,0,0,0,0,0,
48,123,2031,203,1192,117,1749,2209,1649,
48,321,1652,676,1752,515,2207,856,2307,
45,0,0,0,0,0,0,0,0,
48,1768,1654,2425,1754,2027,1752,1311,1652,
45,0,0,0,0,0,0,0,0,
48,49,1656,1347,1756,2021,1754,539,1654,
45,0,0,0,0,0,0,0,0,
48,1084,1658,841,1758,56,1756,2292,1656,
45,0,0,0,0,0,0,0,0,
48,668,1660,594,1760,403,1758,149,1658,
45,0,0,0,0,0,0,0,0,
48,1286,1662,127,1762,1764,1760,1821,1660,
45,0,0,0,0,0,0,0,0,
48,1729,1664,2262,1764,101,1762,1607,1662,
45,0,0,0,0,0,0,0,0,
48,939,1666,1321,1766,1682,1764,998,1664,
45,0,0,0,0,0,0,0,0,
48,766,1668,1349,1768,1827,1766,1678,1666,
45,0,0,0,0,0,0,0,0,
48,1819,1670,433,1770,2372,1768,715,1668,
45,0,0,0,0,0,0,0,0,
48,2201,1672,1745,1772,1429,1770,539,1670,
45,0,0,0,0,0,0,0,0,
48,1101,1674,1229,1774,1005,1772,1496,1672,
45,0,0,0,0,0,0,0,0,
48,849,1676,2133,1776,2152,1774,1478,1674,
45,0,0,0,0,0,0,0,0,
48,2388,1678,592,1778,898,1776,137,1676,
45,0,0,0,0,0,0,0,0,
48,1713,1680,676,1780,286,1778,1201,1678,
45,0,0,0,0,0,0,0,0,
48,1356,1682,2017,1782,403,1780,1772,1680,
45,0,0,0,0,0,0,0,0,
48,2415,1684,1815,1784,1325,1782,1494,1682,
45,0,0,0,0,0,0,0,0,
48,1343,1686,2223,1786,2017,1784,2498,1684,
45,0,0,0,0,0,0,0,0,
48,421,1688,1476,1788,1792,1786,1864,1686,
45,0,0,0,0,0,0,0,0,
48,629,1690,847,1790,827,1788,256,1688,
45,0,0,0,0,0,0,0,0,
48,1135,1692,2282,1792,2492,1790,419,1690,
45,0,0,0,0,0,0,0,0,
48,786,1694,570,1794,437,1792,352,1692,
45,0,0,0,0,0,0,0,0,
48,1721,1696,19,1796,739,1794,1076,1694,
45,0,0,0,0,0,0,0,0,
48,1066,1698,43,1798,2013,1796,1092,1696,
45,0,0,0,0,0,0,0,0,
48,1658,1700,1556,1800,1443,1798,2341,1698,
45,0,0,0,0,0,0,0,0,
45,0,0,0,0,0,0,0,0,
48,1698,1703,2229,1803,386,1801,1521,1701,
45,0,0,0,0,0,0,0,0,
48,333,1705,1166,1805,923,1803,1674,1703,
45,0,0,0,0,0,0,0,0,
48,154,1707,1852,1807,929,1805,164,1705,
45,0,0,0,0,0,0,0,0,
48,1362,1709,2062,1809,1539,1807,1549,1707,
45,0,0,0,0,0,0,0,0,
48,609,1711,354,1811,311,1809,1660,1709,
45,0,0,0,0,0,0,0,0,
48,2443,1713,1917,1813,2101,1811,41,1711,
45,0,0,0,0,0,0,0,0,
48,1678,1715,543,1815,200,1813,1711,1713,
45,0,0,0,0,0,0,0,0,
48,292,1717,578,1817,1927,1815,64,1715,
45,0,0,0,0,0,0,0,0,
48,1349,1719,1392,1819,1703,1817,1586,1717,
45,0,0,0,0,0,0,0,0,
48,1996,1721,872,1821,1170,1819,1474,1719,
45,0,0,0,0,0,0,0,0,
48,1558,1723,1731,1823,1300,1821,82,1721,
45,0,0,0,0,0,0,0,0,
48,1135,1725,1454,1825,1972,1823,1370,1723,
45,0,0,0,0,0,0,0,0,
48,2403,1727,2201,1827,752,1825,1460,1725,
45,0,0,0,0,0,0,0,0,
48,1486,1729,219,1829,1894,1827,2301,1727,
45,0,0,0,0,0,0,0,0,
48,2427,1731,1866,1831,49,1829,211,1729,
45,0,0,0,0,0,0,0,0,
48,686,1733,15,1833,237,1831,139,1731,
45,0,0,0,0,0,0,0,0,
48,1264,1735,954,1835,129,1833,270,1733,
45,0,0,0,0,0,0,0,0,
48,1041,1737,1621,1837,1188,1835,337,1735,
45,0,0,0,0,0,0,0,0,
48,929,1739,2415,1839,1260,1837,670,1737,
45,0,0,0,0,0,0,0,0,
48,615,1741,313,1841,2280,1839,411,1739,
45,0,0,0,0,0,0,0,0,
48,1737,1743,2058,1843,33,1841,1868,1741,
45,0,0,0,0,0,0,0,0,
48,54,1745,2001,1845,1945,1843,1435,1743,
45,0,0,0,0,0,0,0,0,
48,554,1747,1007,1847,705,1845,498,1745,
45,0,0,0,0,0,0,0,0,
48,2400,1749,907,1849,815,1847,1513,1747,
45,0,0,0,0,0,0,0,0,
48,2407,223,519,466,2425,1849,1229,1749,
48,2480,1752,441,1852,331,2215,1060,47,
45,0,0,0,0,0,0,0,0,
48,1578,1754,1588,1854,1,1852,2319,1752,
45,0,0,0,0,0,0,0,0,
48,2296,1756,1207,1856,198,1854,396,1754,
45,0,0,0,0,0,0,0,0,
48,1684,1758,78,1858,1543,1856,1570,1756,
45,0,0,0,0,0,0,0,0,
48,1905,1760,872,1860,737,1858,1233,1758,
45,0,0,0,0,0,0,0,0,
48,1617,1762,370,1862,1219,1860,1100,1760,
45,0,0,0,0,0,0,0,0,
48,682,1764,35,1864,1021,1862,1992,1762,
45,0,0,0,0,0,0,0,0,
48,690,1766,1733,1866,464,1864,1341,1764,
45,0,0,0,0,0,0,0,0,
48,360,1768,2164,1868,2458,1866,2296,1766,
45,0,0,0,0,0,0,0,0,
48,1525,1770,1719,1870,1001,1868,2100,1768,
45,0,0,0,0,0,0,0,0,
48,1711,1772,674,1872,362,1870,866,1770,
45,0,0,0,0,0,0,0,0,
48,1578,1774,309,1874,690,1872,466,1772,
45,0,0,0,0,0,0,0,0,
48,1194,1776,854,1876,1237,1874,798,1774,
45,0,0,0,0,0,0,0,0,
48,458,1778,1447,1878,1717,1876,1480,1776,
45,0,0,0,0,0,0,0,0,
48,1433,1780,815,1880,2225,1878,1584,1778,
45,0,0,0,0,0,0,0,0,
48,1641,1782,1570,1882,894,1880,37,1780,
45,0,0,0,0,0,0,0,0,
48,1305,1784,494,1884,1311,1882,2274,1782,
45,0,0,0,0,0,0,0,0,
48,1135,1786,1290,1886,694,1884,905,1784,
45,0,0,0,0,0,0,0,0,
48,2458,1788,1400,1888,837,1886,366,1786,
45,0,0,0,0,0,0,0,0,
48,31,1790,2274,1890,649,1888,1564,1788,
45,0,0,0,0,0,0,0,0,
48,709,1792,890,1892,98,1890,1668,1790,
45,0,0,0,0,0,0,0,0,
48,162,1794,1041,1894,596,1892,1141,1792,
45,0,0,0,0,0,0,0,0,
48,2088,1796,1533,1896,427,1894,1331,1794,
45,0,0,0,0,0,0,0,0,
48,735,1798,2156,1898,2256,1896,1523,1796,
45,0,0,0,0,0,0,0,0,
48,1590,1800,2452,1900,2401,1898,1931,1798,
45,0,0,0,0,0,0,0,0,
45,0,0,0,0,0,0,0,0,
48,2323,1803,1756,1903,1409,1901,1986,1801,
45,0,0,0,0,0,0,0,0,
48,439,1805,2094,1905,43,1903,1958,1803,
45,0,0,0,0,0,0,0,0,
48,707,1807,2366,1907,894,1905,1100,1805,
45,0,0,0,0,0,0,0,0,
48,1609,1809,2288,1909,525,1907,731,1807,
45,0,0,0,0,0,0,0,0,
48,2000,1811,1998,1911,1578,1909,1537,1809,
45,0,0,0,0,0,0,0,0,
48,301,1813,1211,1913,2260,1911,235,1811,
45,0,0,0,0,0,0,0,0,
48,1013,1815,1737,1915,815,1913,2347,1813,
45,0,0,0,0,0,0,0,0,
48,2380,1817,2494,1917,1780,1915,2445,1815,
45,0,0,0,0,0,0,0,0,
48,858,1819,1474,1919,1792,1917,1005,1817,
45,0,0,0,0,0,0,0,0,
48,2449,1821,252,1921,600,1919,2162,1819,
45,0,0,0,0,0,0,0,0,
48,1611,1823,2500,1923,2315,1921,754,1821,
45,0,0,0,0,0,0,0,0,
48,800,1825,1072,1925,717,1923,1582,1823,
45,0,0,0,0,0,0,0,0,
48,2439,1827,2100,1927,2360,1925,1149,1825,
45,0,0,0,0,0,0,0,0,
48,662,1829,645,1929,1300,1927,449,1827,
45,0,0,0,0,0,0,0,0,
48,1607,1831,978,1931,1574,1929,1160,1829,
45,0,0,0,0,0,0,0,0,
48,598,1833,1221,1933,2282,1931,196,1831,
45,0,0,0,0,0,0,0,0,
48,547,1835,1939,1935,1086,1933,74,1833,
45,0,0,0,0,0,0,0,0,
48,1160,1837,337,1937,2245,1935,1466,1835,
45,0,0,0,0,0,0,0,0,
48,2498,1839,680,1939,1217,1937,1966,1837,
45,0,0,0,0,0,0,0,0,
48,2013,1841,2270,1941,452,1939,505,1839,
45,0,0,0,0,0,0,0,0,
48,211,1843,1560,1943,1935,1941,1398,1841,
45,0,0,0,0,0,0,0,0,
48,1778,1845,131,1945,2188,1943,1419,1843,
45,0,0,0,0,0,0,0,0,
48,543,1847,947,1947,2356,1945,533,1845,
45,0,0,0,0,0,0,0,0,
48,1582,1849,558,1949,2447,1947,492,1847,
45,0,0,0,0,0,0,0,0,
48,931,41,1496,2409,1929,1949,80,1849,
48,5,1852,149,1952,2166,1937,1098,2082,
45,0,0,0,0,0,0,0,0,
48,1084,1854,1113,1954,121,1952,1937,1852,
45,0,0,0,0,0,0,0,0,
48,1809,1856,309,1956,1415,1954,770,1854,
45,0,0,0,0,0,0,0,0,
48,1329,1858,1596,1958,798,1956,741,1856,
45,0,0,0,0,0,0,0,0,
48,1696,1860,541,1960,521,1958,2009,1858,
45,0,0,0,0,0,0,0,0,
48,925,1862,860,1962,2466,1960,2209,1860,
45,0,0,0,0,0,0,0,0,
48,960,1864,841,1964,941,1962,2494,1862,
45,0,0,0,0,0,0,0,0,
48,917,1866,433,1966,501,1964,1339,1864,
45,0,0,0,0,0,0,0,0,
48,1762,1868,213,1968,2441,1966,1396,1866,
45,0,0,0,0,0,0,0,0,
48,913,1870,1523,1970,2372,1968,864,1868,
45,0,0,0,0,0,0,0,0,
48,482,1872,2276,1972,303,1970,833,1870,
45,0,0,0,0,0,0,0,0,
48,590,1874,1156,1974,1621,1972,490,1872,
45,0,0,0,0,0,0,0,0,
48,525,1876,803,1976,1162,1974,441,1874,
45,0,0,0,0,0,0,0,0,
48,1990,1878,74,1978,1766,1976,427,1876,
45,0,0,0,0,0,0,0,0,
48,1900,1880,2407,1980,2033,1978,831,1878,
45,0,0,0,0,0,0,0,0,
48,1531,1882,1849,1982,800,1980,911,1880,
45,0,0,0,0,0,0,0,0,
48,607,1884,235,1984,2470,1982,319,1882,
45,0,0,0,0,0,0,0,0,
48,837,1886,2435,1986,1892,1984,121,1884,
45,0,0,0,0,0,0,0,0,
48,307,1888,1901,1988,198,1986,1903,1886,
45,0,0,0,0,0,0,0,0,
48,1054,1890,1023,1990,1884,1988,456,1888,
45,0,0,0,0,0,0,0,0,
48,1094,1892,1433,1992,972,1990,1500,1890,
45,0,0,0,0,0,0,0,0,
48,168,1894,2068,1994,11,1992,160,1892,
45,0,0,0,0,0,0,0,0,
48,1439,1896,1794,1996,1464,1994,7,1894,
45,0,0,0,0,0,0,0,0,
48,1237,1898,1354,1998,566,1996,1245,1896,
45,0,0,0,0,0,0,0,0,
48,1409,1900,1507,2000,1962,1998,594,1898,
45,0,0,0,0,0,0,0,0,
45,0,0,0,0,0,0,0,0,
48,2492,1903,737,2003,629,2001,2290,1901,
45,0,0,0,0,0,0,0,0,
48,1107,1905,1490,2005,1141,2003,915,1903,
45,0,0,0,0,0,0,0,0,
48,2301,1907,25,2007,1682,2005,1043,1905,
45,0,0,0,0,0,0,0,0,
48,2209,1909,2468,2009,380,2007,1854,1907,
45,0,0,0,0,0,0,0,0,
48,2468,1911,352,2011,2107,2009,1358,1909,
45,0,0,0,0,0,0,0,0,
48,1656,1913,356,2013,2421,2011,1949,1911,
45,0,0,0,0,0,0,0,0,
48,2070,1915,1980,2015,2001,2013,558,1913,
45,0,0,0,0,0,0,0,0,
48,2496,1917,1374,2017,1888,2015,1225,1915,
45,0,0,0,0,0,0,0,0,
48,823,1919,105,2019,988,2017,798,1917,
45,0,0,0,0,0,0,0,0,
48,1166,1921,692,2021,88,2019,301,1919,
45,0,0,0,0,0,0,0,0,
48,1774,1923,143,2023,2309,2021,1586,1921,
45,0,0,0,0,0,0,0,0,
48,1696,1925,3,2025,490,2023,182,1923,
45,0,0,0,0,0,0,0,0,
48,609,1927,1521,2027,1390,2025,2235,1925,
45,0,0,0,0,0,0,0,0,
48,2241,1929,2458,2029,2009,2027,1343,1927,
45,0,0,0,0,0,0,0,0,
48,1998,1931,782,2031,1964,2029,570,1929,
45,0,0,0,0,0,0,0,0,
48,247,1933,1172,2033,666,2031,1056,1931,
45,0,0,0,0,0,0,0,0,
48,507,1935,356,2035,1168,2033,1613,1933,
45,0,0,0,0,0,0,0,0,
48,1852,1937,68,2037,727,2035,2196,1935,
45,0,0,0,0,0,0,0,0,
48,1239,1939,2278,2039,1566,2037,2321,1937,
45,0,0,0,0,0,0,0,0,
48,1364,1941,923,2041,147,2039,1927,1939,
45,0,0,0,0,0,0,0,0,
48,2352,1943,1813,2043,1264,2041,1262,1941,
45,0,0,0,0,0,0,0,0,
48,290,1945,545,2045,1233,2043,439,1943,
45,0,0,0,0,0,0,0,0,
48,984,1947,2423,2047,1633,2045,1770,1945,
45,0,0,0,0,0,0,0,0,
48,937,1949,1980,2049,1860,2047,1125,1947,
45,0,0,0,0,0,0,0,0,
48,1860,325,2400,905,2160,2049,290,1949,
48,1794,1952,1964,2052,1017,1223,613,245,
45,0,0,0,0,0,0,0,0,
48,392,1954,2403,2054,1352,2052,113,1952,
45,0,0,0,0,0,0,0,0,
48,13,1956,2384,2056,1480,2054,94,1954,
45,0,0,0,0,0,0,0,0,
48,2309,1958,833,2058,1262,2056,1623,1956,
45,0,0,0,0,0,0,0,0,
48,682,1960,935,2060,1978,2058,1909,1958,
45,0,0,0,0,0,0,0,0,
48,1078,1962,1313,2062,678,2060,509,1960,
45,0,0,0,0,0,0,0,0,
48,1747,1964,617,2064,270,2062,1890,1962,
45,0,0,0,0,0,0,0,0,
48,447,1966,1113,2066,1301,2064,962,1964,
45,0,0,0,0,0,0,0,0,
48,1631,1968,1735,2068,1731,2066,1584,1966,
45,0,0,0,0,0,0,0,0,
48,1484,1970,2056,2070,1025,2068,952,1968,
45,0,0,0,0,0,0,0,0,
48,1705,1972,13,2072,1035,2070,1033,1970,
45,0,0,0,0,0,0,0,0,
48,1078,1974,1317,2074,282,2072,1388,1972,
45,0,0,0,0,0,0,0,0,
48,1637,1976,96,2076,1331,2074,270,1974,
45,0,0,0,0,0,0,0,0,
48,1703,1978,578,2078,1356,2076,1043,1976,
45,0,0,0,0,0,0,0,0,
48,1615,1980,1284,2080,398,2078,2243,1978,
45,0,0,0,0,0,0,0,0,
48,1700,1982,1627,2082,649,2080,1296,1980,
45,0,0,0,0,0,0,0,0,
48,774,1984,1929,2084,1009,2082,39,1982,
45,0,0,0,0,0,0,0,0,
48,2194,1986,272,2086,2247,2084,264,1984,
45,0,0,0,0,0,0,0,0,
48,531,1988,1698,2088,2060,2086,1376,1986,
45,0,0,0,0,0,0,0,0,
48,1092,1990,1329,2090,1584,2088,2125,1988,
45,0,0,0,0,0,0,0,0,
48,1449,1992,1605,2092,903,2090,700,1990,
45,0,0,0,0,0,0,0,0,
48,2219,1994,392,2094,301,2092,439,1992,
45,0,0,0,0,0,0,0,0,
48,1580,1996,513,2096,1500,2094,1400,1994,
45,0,0,0,0,0,0,0,0,
48,494,1998,790,2098,1517,2096,739,1996,
45,0,0,0,0,0,0,0,0,
48,1588,2000,2421,2100,1443,2098,529,1998,
45,0,0,0,0,0,0,0,0,
45,0,0,0,0,0,0,0,0,
48,294,2003,1256,2103,2219,2101,419,2001,
45,0,0,0,0,0,0,0,0,
48,1670,2005,772,2105,2174,2103,2200,2003,
45,0,0,0,0,0,0,0,0,
48,811,2007,315,2107,2019,2105,1180,2005,
45,0,0,0,0,0,0,0,0,
48,1480,2009,2284,2109,1792,2107,1258,2007,
45,0,0,0,0,0,0,0,0,
48,2492,2011,2037,2111,243,2109,2454,2009,
45,0,0,0,0,0,0,0,0,
48,2229,2013,1527,2113,1758,2111,2366,2011,
45,0,0,0,0,0,0,0,0,
48,1239,2015,1321,2115,1235,2113,1629,2013,
45,0,0,0,0,0,0,0,0,
48,2423,2017,280,2117,235,2115,2374,2015,
45,0,0,0,0,0,0,0,0,
48,1,2019,258,2119,956,2117,1943,2017,
45,0,0,0,0,0,0,0,0,
48,2245,2021,1964,2121,2147,2119,976,2019,
45,0,0,0,0,0,0,0,0,
48,658,2023,476,2123,1590,2121,2200,2021,
45,0,0,0,0,0,0,0,0,
48,2417,2025,1329,2125,33,2123,2456,2023,
45,0,0,0,0,0,0,0,0,
48,2288,2027,88,2127,521,2125,1615,2025,
45,0,0,0,0,0,0,0,0,
48,2374,2029,886,2129,745,2127,1682,2027,
45,0,0,0,0,0,0,0,0,
48,227,2031,2233,2131,480,2129,1488,2029,
45,0,0,0,0,0,0,0,0,
48,1464,2033,1901,2133,515,2131,1286,2031,
45,0,0,0,0,0,0,0,0,
48,696,2035,413,2135,127,2133,321,2033,
45,0,0,0,0,0,0,0,0,
48,472,2037,37,2137,2149,2135,445,2035,
45,0,0,0,0,0,0,0,0,
48,982,2039,2476,2139,1845,2137,1282,2037,
45,0,0,0,0,0,0,0,0,
48,792,2041,2223,2141,939,2139,1111,2039,
45,0,0,0,0,0,0,0,0,
48,1364,2043,1356,2143,1666,2141,717,2041,
45,0,0,0,0,0,0,0,0,
48,1001,2045,2490,2145,194,2143,1854,2043,
45,0,0,0,0,0,0,0,0,
48,2249,2047,190,2147,394,2145,1407,2045,
45,0,0,0,0,0,0,0,0,
48,1098,2049,2135,2149,794,2147,25,2047,
45,0,0,0,0,0,0,0,0,
48,864,39,1819,100,1605,2149,1876,2049,
48,968,2052,1219,2152,1303,1160,1762,749,
45,0,0,0,0,0,0,0,0,
48,2460,2054,890,2154,1062,2152,2115,2052,
45,0,0,0,0,0,0,0,0,
48,1452,2056,921,2156,2354,2154,892,2054,
45,0,0,0,0,0,0,0,0,
48,164,2058,1960,2158,2200,2156,2154,2056,
45,0,0,0,0,0,0,0,0,
48,1500,2060,1421,2160,1562,2158,370,2058,
45,0,0,0,0,0,0,0,0,
48,898,2062,825,2162,2407,2160,570,2060,
45,0,0,0,0,0,0,0,0,
48,1260,2064,827,2164,2245,2162,615,2062,
45,0,0,0,0,0,0,0,0,
48,1660,2066,233,2166,1262,2164,2103,2064,
45,0,0,0,0,0,0,0,0,
48,868,2068,1098,2168,347,2166,2170,2066,
45,0,0,0,0,0,0,0,0,
48,2490,2070,1035,2170,2398,2168,858,2068,
45,0,0,0,0,0,0,0,0,
48,2464,2072,923,2172,1633,2170,2305,2070,
45,0,0,0,0,0,0,0,0,
48,352,2074,1186,2174,2317,2172,1543,2072,
45,0,0,0,0,0,0,0,0,
48,1405,2076,1309,2176,688,2174,2039,2074,
45,0,0,0,0,0,0,0,0,
48,1690,2078,1547,2178,2462,2176,2382,2076,
45,0,0,0,0,0,0,0,0,
48,388,2080,470,2180,1054,2178,17,2078,
45,0,0,0,0,0,0,0,0,
48,1533,2082,847,2182,2435,2180,1662,2080,
45,0,0,0,0,0,0,0,0,
48,725,2084,362,2184,1725,2182,1327,2082,
45,0,0,0,0,0,0,0,0,
48,1521,2086,313,2186,2098,2184,2401,2084,
45,0,0,0,0,0,0,0,0,
48,711,2088,862,2188,392,2186,1203,2086,
45,0,0,0,0,0,0,0,0,
48,1211,2090,286,2190,3,2188,37,2088,
45,0,0,0,0,0,0,0,0,
48,1343,2092,1509,2192,1094,2190,1554,2090,
45,0,0,0,0,0,0,0,0,
48,2447,2094,1625,2194,862,2192,1092,2092,
45,0,0,0,0,0,0,0,0,
48,2319,2096,2388,2196,2392,2194,943,2094,
45,0,0,0,0,0,0,0,0,
48,2070,2098,945,2198,627,2196,905,2096,
45,0,0,0,0,0,0,0,0,
48,1464,2100,282,2200,2086,2198,29,2098,
45,0,0,0,0,0,0,0,0,
45,0,0,0,0,0,0,0,0,
48,1725,2103,723,2203,500,2201,303,2101,
45,0,0,0,0,0,0,0,0,
48,2107,2105,1076,2205,2462,2203,596,2103,
45,0,0,0,0,0,0,0,0,
48,545,2107,1847,2207,172,2205,1005,2105,
45,0,0,0,0,0,0,0,0,
48,980,2109,2496,2209,1143,2207,2174,2107,
45,0,0,0,0,0,0,0,0,
48,19,2111,1292,2211,415,2209,2000,2109,
45,0,0,0,0,0,0,0,0,
48,1870,2113,960,2213,1482,2211,217,2111,
45,0,0,0,0,0,0,0,0,
48,1413,2115,715,2215,1817,2213,796,2113,
45,0,0,0,0,0,0,0,0,
48,1901,2117,2258,2217,2370,2215,401,2115,
45,0,0,0,0,0,0,0,0,
48,68,2119,2247,2219,1670,2217,2229,2117,
45,0,0,0,0,0,0,0,0,
48,1566,2121,1417,2221,2117,2219,78,2119,
45,0,0,0,0,0,0,0,0,
48,2317,2123,664,2223,1349,2221,1674,2121,
45,0,0,0,0,0,0,0,0,
48,1133,2125,2158,2225,1478,2223,2054,2123,
45,0,0,0,0,0,0,0,0,
48,2192,2127,1407,2227,2237,2225,2429,2125,
45,0,0,0,0,0,0,0,0,
48,739,2129,2298,2229,392,2227,1545,2127,
45,0,0,0,0,0,0,0,0,
48,1143,2131,311,2231,1147,2229,1296,2129,
45,0,0,0,0,0,0,0,0,
48,1125,2133,2378,2233,645,2231,956,2131,
45,0,0,0,0,0,0,0,0,
48,2427,2135,1362,2235,2496,2233,1643,2133,
45,0,0,0,0,0,0,0,0,
48,625,2137,1070,2237,876,2235,1035,2135,
45,0,0,0,0,0,0,0,0,
48,1600,2139,109,2239,2217,2237,1894,2137,
45,0,0,0,0,0,0,0,0,
48,1370,2141,492,2241,1311,2239,1480,2139,
45,0,0,0,0,0,0,0,0,
48,1431,2143,1478,2243,527,2241,2176,2141,
45,0,0,0,0,0,0,0,0,
48,2035,2145,1639,2245,1380,2243,901,2143,
45,0,0,0,0,0,0,0,0,
48,1986,2147,637,2247,2339,2245,1680,2145,
45,0,0,0,0,0,0,0,0,
48,2478,2149,1415,2249,619,2247,839,2147,
45,0,0,0,0,0,0,0,0,
48,2054,1515,2352,200,2072,2249,2107,2149,
48,788,2152,1721,2252,727,796,2268,1776,
45,0,0,0,0,0,0,0,0,
48,1601,2154,474,2254,2329,2252,1358,2152,
45,0,0,0,0,0,0,0,0,
48,1445,2156,603,2256,1001,2254,201,2154,
45,0,0,0,0,0,0,0,0,
48,1701,2158,1643,2258,41,2256,205,2156,
45,0,0,0,0,0,0,0,0,
48,1911,2160,1700,2260,478,2258,1958,2158,
45,0,0,0,0,0,0,0,0,
48,933,2162,1072,2262,1431,2260,1682,2160,
45,0,0,0,0,0,0,0,0,
48,1556,2164,1147,2264,200,2262,1298,2162,
45,0,0,0,0,0,0,0,0,
48,2390,2166,378,2266,586,2264,1801,2164,
45,0,0,0,0,0,0,0,0,
48,1468,2168,537,2268,2360,2266,2188,2166,
45,0,0,0,0,0,0,0,0,
48,2043,2170,1156,2270,1300,2268,2052,2168,
45,0,0,0,0,0,0,0,0,
48,1441,2172,35,2272,468,2270,1123,2170,
45,0,0,0,0,0,0,0,0,
48,1735,2174,2090,2274,166,2272,329,2172,
45,0,0,0,0,0,0,0,0,
48,835,2176,1829,2276,239,2274,958,2174,
45,0,0,0,0,0,0,0,0,
48,1094,2178,780,2278,1,2276,1366,2176,
45,0,0,0,0,0,0,0,0,
48,107,2180,2062,2280,1752,2278,2168,2178,
45,0,0,0,0,0,0,0,0,
48,560,2182,1088,2282,1425,2280,560,2180,
45,0,0,0,0,0,0,0,0,
48,352,2184,1254,2284,1123,2282,2080,2182,
45,0,0,0,0,0,0,0,0,
48,1976,2186,1158,2286,2478,2284,156,2184,
45,0,0,0,0,0,0,0,0,
48,2335,2188,749,2288,15,2286,2176,2186,
45,0,0,0,0,0,0,0,0,
48,2339,2190,209,2290,1578,2288,790,2188,
45,0,0,0,0,0,0,0,0,
48,384,2192,2358,2292,1978,2290,23,2190,
45,0,0,0,0,0,0,0,0,
48,2029,2194,345,2294,909,2292,574,2192,
45,0,0,0,0,0,0,0,0,
48,2070,2196,835,2296,1886,2294,2113,2194,
45,0,0,0,0,0,0,0,0,
48,2035,2198,1601,2298,2168,2296,517,2196,
45,0,0,0,0,0,0,0,0,
48,745,2200,1249,2300,572,2298,2096,2198,
45,0,0,0,0,0,0,0,0,
45,0,0,0,0,0,0,0,0,
48,243,2203,76,2303,801,2301,425,2201,
45,0,0,0,0,0,0,0,0,
48,170,2205,586,2305,2356,2303,2337,2203,
45,0,0,0,0,0,0,0,0,
48,2454,2207,1847,2307,949,2305,1225,2205,
45,0,0,0,0,0,0,0,0,
48,756,2209,1274,2309,2166,2307,2298,2207,
45,0,0,0,0,0,0,0,0,
48,672,2211,1231,2311,1652,2309,1862,2209,
45,0,0,0,0,0,0,0,0,
48,1031,2213,1713,2313,174,2311,1498,2211,
45,0,0,0,0,0,0,0,0,
48,564,2215,194,2315,2415,2313,1452,2213,
45,0,0,0,0,0,0,0,0,
48,323,2217,698,2317,1582,2315,592,2215,
45,0,0,0,0,0,0,0,0,
48,1641,2219,927,2319,2201,2317,88,2217,
45,0,0,0,0,0,0,0,0,
48,1445,2221,2500,2321,1890,2319,1272,2219,
45,0,0,0,0,0,0,0,0,
48,294,2223,1133,2323,2394,2321,1462,2221,
45,0,0,0,0,0,0,0,0,
48,1839,2225,1833,2325,2307,2323,307,2223,
45,0,0,0,0,0,0,0,0,
48,1470,2227,1486,2327,1517,2325,1921,2225,
45,0,0,0,0,0,0,0,0,
48,1988,2229,329,2329,278,2327,621,2227,
45,0,0,0,0,0,0,0,0,
48,1245,2231,329,2331,631,2329,1790,2229,
45,0,0,0,0,0,0,0,0,
48,1741,2233,1380,2333,1882,2331,764,2231,
45,0,0,0,0,0,0,0,0,
48,954,2235,2058,2335,701,2333,576,2233,
45,0,0,0,0,0,0,0,0,
48,1200,2237,1041,2337,2290,2335,1421,2235,
45,0,0,0,0,0,0,0,0,
48,1858,2239,984,2339,2076,2337,1184,2237,
45,0,0,0,0,0,0,0,0,
48,1268,2241,1952,2341,872,2339,2286,2239,
45,0,0,0,0,0,0,0,0,
48,1707,2243,1145,2343,1419,2341,1280,2241,
45,0,0,0,0,0,0,0,0,
48,1021,2245,668,2345,2452,2343,254,2243,
45,0,0,0,0,0,0,0,0,
48,1805,2247,1817,2347,1456,2345,860,2245,
45,0,0,0,0,0,0,0,0,
48,1121,2249,2178,2349,409,2347,2258,2247,
45,0,0,0,0,0,0,0,0,
48,717,684,1509,129,503,2349,245,2249,
48,686,2252,145,2352,835,1778,1101,1956,
45,0,0,0,0,0,0,0,0,
48,831,2254,129,2354,580,2352,1449,2252,
45,0,0,0,0,0,0,0,0,
48,1541,2256,2121,2356,1468,2354,425,2254,
45,0,0,0,0,0,0,0,0,
48,1701,2258,523,2358,2274,2356,617,2256,
45,0,0,0,0,0,0,0,0,
48,1972,2260,2007,2360,621,2358,2362,2258,
45,0,0,0,0,0,0,0,0,
48,33,2262,2327,2362,1094,2360,296,2260,
45,0,0,0,0,0,0,0,0,
48,1105,2264,568,2364,784,2362,143,2262,
45,0,0,0,0,0,0,0,0,
48,215,2266,1117,2366,131,2364,1872,2264,
45,0,0,0,0,0,0,0,0,
48,2172,2268,1403,2368,586,2366,2123,2266,
45,0,0,0,0,0,0,0,0,
48,1229,2270,1803,2370,2145,2368,282,2268,
45,0,0,0,0,0,0,0,0,
48,1988,2272,1494,2372,2392,2370,1676,2270,
45,0,0,0,0,0,0,0,0,
48,1676,2274,521,2374,1852,2372,17,2272,
45,0,0,0,0,0,0,0,0,
48,249,2276,405,2376,1280,2374,1103,2274,
45,0,0,0,0,0,0,0,0,
48,517,2278,374,2378,449,2376,2311,2276,
45,0,0,0,0,0,0,0,0,
48,1198,2280,380,2380,2203,2378,1213,2278,
45,0,0,0,0,0,0,0,0,
48,378,2282,601,2382,1498,2380,856,2280,
45,0,0,0,0,0,0,0,0,
48,1272,2284,1201,2384,1309,2382,637,2282,
45,0,0,0,0,0,0,0,0,
48,284,2286,19,2386,2237,2384,725,2284,
45,0,0,0,0,0,0,0,0,
48,1135,2288,382,2388,992,2386,2254,2286,
45,0,0,0,0,0,0,0,0,
48,1323,2290,2196,2390,2239,2388,180,2288,
45,0,0,0,0,0,0,0,0,
48,1441,2292,1749,2392,874,2390,852,2290,
45,0,0,0,0,0,0,0,0,
48,1394,2294,2425,2394,878,2392,876,2292,
45,0,0,0,0,0,0,0,0,
48,641,2296,1645,2396,1592,2394,27,2294,
45,0,0,0,0,0,0,0,0,
48,576,2298,1864,2398,935,2396,31,2296,
45,0,0,0,0,0,0,0,0,
48,2401,2300,1276,2400,129,2398,441,2298,
45,0,0,0,0,0,0,0,0,
45,0,0,0,0,0,0,0,0,
48,580,2303,1992,2403,2200,2401,301,2301,
45,0,0,0,0,0,0,0,0,
48,1366,2305,603,2405,2105,2403,1325,2303,
45,0,0,0,0,0,0,0,0,
48,1896,2307,1458,2407,2254,2405,994,2305,
45,0,0,0,0,0,0,0,0,
48,2241,2309,1031,2409,182,2407,1284,2307,
45,0,0,0,0,0,0,0,0,
48,2217,2311,425,2411,1876,2409,1176,2309,
45,0,0,0,0,0,0,0,0,
48,931,2313,568,2413,2309,2411,1127,2311,
45,0,0,0,0,0,0,0,0,
48,2488,2315,2482,2415,47,2413,564,2313,
45,0,0,0,0,0,0,0,0,
48,1856,2317,90,2417,1254,2415,2062,2315,
45,0,0,0,0,0,0,0,0,
48,1,2319,2401,2419,100,2417,49,2317,
45,0,0,0,0,0,0,0,0,
48,2166,2321,74,2421,1127,2419,137,2319,
45,0,0,0,0,0,0,0,0,
48,2411,2323,2488,2423,1919,2421,1719,2321,
45,0,0,0,0,0,0,0,0,
48,2437,2325,2066,2425,401,2423,2078,2323,
45,0,0,0,0,0,0,0,0,
48,66,2327,531,2427,880,2425,1694,2325,
45,0,0,0,0,0,0,0,0,
48,2182,2329,1560,2429,260,2427,2390,2327,
45,0,0,0,0,0,0,0,0,
48,933,2331,1625,2431,1866,2429,1115,2329,
45,0,0,0,0,0,0,0,0,
48,1676,2333,2127,2433,1319,2431,1141,2331,
45,0,0,0,0,0,0,0,0,
48,703,2335,2005,2435,2486,2433,941,2333,
45,0,0,0,0,0,0,0,0,
48,909,2337,2398,2437,554,2435,992,2335,
45,0,0,0,0,0,0,0,0,
48,792,2339,2145,2439,1496,2437,1727,2337,
45,0,0,0,0,0,0,0,0,
48,1052,2341,2215,2441,2378,2439,288,2339,
45,0,0,0,0,0,0,0,0,
48,2478,2343,2321,2443,2145,2441,856,2341,
45,0,0,0,0,0,0,0,0,
48,854,2345,611,2445,623,2443,2272,2343,
45,0,0,0,0,0,0,0,0,
48,278,2347,523,2447,223,2445,768,2345,
45,0,0,0,0,0,0,0,0,
48,1009,2349,2386,2449,2119,2447,533,2347,
45,0,0,0,0,0,0,0,0,
48,1798,2000,131,1052,358,2449,878,2349,
48,760,2352,2135,2452,2349,1058,1849,2368,
45,0,0,0,0,0,0,0,0,
48,1776,2354,915,2454,2003,2452,1041,2352,
45,0,0,0,0,0,0,0,0,
48,9,2356,198,2456,617,2454,1549,2354,
45,0,0,0,0,0,0,0,0,
48,1680,2358,1800,2458,1929,2456,2111,2356,
45,0,0,0,0,0,0,0,0,
48,1900,2360,566,2460,1307,2458,1249,2358,
45,0,0,0,0,0,0,0,0,
48,1107,2362,464,2462,915,2460,2372,2360,
45,0,0,0,0,0,0,0,0,
48,1003,2364,1401,2464,1300,2462,1396,2362,
45,0,0,0,0,0,0,0,0,
48,1733,2366,2264,2466,445,2464,1788,2364,
45,0,0,0,0,0,0,0,0,
48,1131,2368,972,2468,2074,2466,970,2366,
45,0,0,0,0,0,0,0,0,
48,725,2370,647,2470,780,2468,641,2368,
45,0,0,0,0,0,0,0,0,
48,1672,2372,1401,2472,1962,2470,2049,2370,
45,0,0,0,0,0,0,0,0,
48,2066,2374,1996,2474,19,2472,158,2372,
45,0,0,0,0,0,0,0,0,
48,1800,2376,1635,2476,1703,2474,2343,2374,
45,0,0,0,0,0,0,0,0,
48,1572,2378,2184,2478,1780,2476,1386,2376,
45,0,0,0,0,0,0,0,0,
48,376,2380,456,2480,115,2478,2176,2378,
45,0,0,0,0,0,0,0,0,
48,970,2382,578,2482,47,2480,1400,2380,
45,0,0,0,0,0,0,0,0,
48,727,2384,2445,2484,1549,2482,2439,2382,
45,0,0,0,0,0,0,0,0,
48,2482,2386,1484,2486,1935,2484,2131,2384,
45,0,0,0,0,0,0,0,0,
48,180,2388,1468,2488,2374,2486,2460,2386,
45,0,0,0,0,0,0,0,0,
48,2433,2390,654,2490,1386,2488,1876,2388,
45,0,0,0,0,0,0,0,0,
48,1000,2392,1354,2492,666,2490,1917,2390,
45,0,0,0,0,0,0,0,0,
48,1668,2394,1762,2494,1427,2492,100,2392,
45,0,0,0,0,0,0,0,0,
48,192,2396,972,2496,2433,2494,1866,2394,
45,0,0,0,0,0,0,0,0,
48,2143,2398,1384,2498,1898,2496,805,2396,
45,0,0,0,0,0,0,0,0,
48,184,2400,1013,2500,1296,2498,1870,2398,
45,0,0,0,0,0,0,0,0,
45,0,0,0,0,0,0,0,0,
48,1515,2403,2294,207,1176,1849,2454,2401,
45,0,0,0,0,0,0,0,0,
48,2452,2405,2256,2060,1260,58,1003,2403,
45,0,0,0,0,0,0,0,0,
48,2074,2407,1603,1090,980,496,1435,2405,
45,0,0,0,0,0,0,0,0,
48,478,2409,1817,2476,1837,1978,974,2407,
45,0,0,0,0,0,0,0,0,
48,2103,2411,1598,896,1564,505,2437,2409,
45,0,0,0,0,0,0,0,0,
48,2127,2413,2154,341,1290,1541,290,2411,
45,0,0,0,0,0,0,0,0,
48,203,2415,639,2466,1011,2121,1423,2413,
45,0,0,0,0,0,0,0,0,
48,460,2417,1372,1911,2464,1519,1037,2415,
45,0,0,0,0,0,0,0,0,
48,1958,2419,907,23,1960,909,1260,2417,
45,0,0,0,0,0,0,0,0,
48,2470,2421,2470,276,125,758,1933,2419,
45,0,0,0,0,0,0,0,0,
48,552,2423,501,58,258,652,1021,2421,
45,0,0,0,0,0,0,0,0,
48,398,2425,813,701,1074,37,1525,2423,
45,0,0,0,0,0,0,0,0,
48,2088,2427,529,2458,829,200,1174,2425,
45,0,0,0,0,0,0,0,0,
48,2198,2429,1600,876,2235,868,2392,2427,
45,0,0,0,0,0,0,0,0,
48,1258,2431,78,172,1374,1801,1596,2429,
45,0,0,0,0,0,0,0,0,
48,1021,2433,762,2364,766,2435,484,2431,
45,0,0,0,0,0,0,0,0,
48,417,2435,1305,662,1392,221,143,2433,
45,0,0,0,0,0,0,0,0,
48,1115,2437,288,2384,184,768,901,2435,
45,0,0,0,0,0,0,0,0,
48,786,2439,2364,1047,92,2372,133,2437,
45,0,0,0,0,0,0,0,0,
48,1213,2441,2094,1274,1678,2119,770,2439,
45,0,0,0,0,0,0,0,0,
48,1952,2443,1741,2060,135,1454,2500,2441,
45,0,0,0,0,0,0,0,0,
48,611,2445,160,7,656,1913,1866,2443,
45,0,0,0,0,0,0,0,0,
48,2158,2447,701,41,62,2184,1966,2445,
45,0,0,0,0,0,0,0,0,
48,1735,2449,7,19,900,1888,917,2447,
45,0,0,0,0,0,0,0,0,
48,2492,807,374,1592,1872,2270,213,2449,
